sida,ct,sid,descrip,omit,man.source,man.dm,man.ph,man.tan,man.treat1,app.rate,tan.app,cereal.hght,incorp,time.incorp,air.temp,wind.2m,rain.rate,app.mthd,dt.x,rain.cum,app.rate.ni,man.dm.ni,wind.sqrt,app.mthd.ts,app.mthd.bc,app.mthd.os,app.mthd.cs,incorp.shallow,incorp.deep,man.source.pig,__group,__orig.order,__add.row,__f4,dt.y,f,s,e,ei,j,er,f0,r1,r2,r3,f4,r5,jinst,n,lwr,upr,upr.rel,lwr.rel,pars
10bc,168,10,cool,0,cat,6,7.5,1.2,none,40,48,0,none,,7,2.7,0,bc,1,0,40,6,1.6431676725155,0,1,0,0,0,0,0,10bc,7728,FALSE,1,1,4.11117799451463e-11,1.54585305984322,22.0276908466673,0.00281076066224628,0.00281076066224628,0.458910225972235,0.613594438864687,0.106199553165691,0.0562856036059318,0.00180225861778936,1,0.0158489319246111,0.00278602700330456,100,0.305936168530753,0.512417714732639,111.659685431294,66.6657989332456,ps03
10bsth,168,10,cool,0,cat,6,7.5,1.2,none,40,48,0,none,,7,2.7,0,bsth,1,0,40,6,1.6431676725155,0,0,0,0,0,0,0,10bsth,7896,FALSE,1,1,8.90234562490697e-05,2.42895849168927,11.4225536400553,0.00441826093955733,0.00441826093955733,0.237969867501151,0.613594438864687,0.0193655308488638,0.0562856036059318,0.00180225861778936,1,0.0158489319246111,0.00437933536038791,100,0.169853854116361,0.287872620518573,120.970198261417,71.3762023318098,ps03
10cs,168,10,cool,0,cat,6,7.5,1.2,none,40,48,0,none,,7,2.7,0,cs,1,0,0,0,1.6431676725155,0,0,0,1,0,0,0,10cs,8400,FALSE,1,1,1.49285959856722e-06,2.78571890161036,3.03562165442722,0.00307117979052851,0.00307117979052851,0.0632421178005671,0.0102895392549555,0.0193655308488638,0.0562856036059318,0.00109314957419841,1,0.0158489319246111,0.00304523634115044,100,0.045594662345097,0.0858348325144895,135.724158993486,72.0954071918954,ps03
10os,168,10,cool,0,cat,6,7.5,1.2,none,40,48,0,none,,7,2.7,0,os,1,0,0,0,1.6431676725155,0,0,1,0,0,0,0,10os,8232,FALSE,1,1,1.26095066980116e-05,2.46754530114297,5.60790765841292,0.00448688852788237,0.00448688852788237,0.116831409550269,0.0869110626875687,0.0193655308488638,0.0562856036059318,0.00180225861778936,1,0.0158489319246111,0.00444739897356152,100,0.10627548409252,0.159912532903841,136.874607196308,90.9648223038793,ps03
10ts,168,10,cool,0,cat,6,7.5,1.2,none,40,48,0,none,,7,2.7,0,ts,1,0,40,6,1.6431676725155,1,0,0,0,0,0,0,10ts,8064,FALSE,1,1,0.000179029020644147,2.54263852285071,10.2664147856549,0.00462598722463348,0.00462598722463348,0.213883641367811,0.613594438864687,0.0152069116177037,0.0562856036059318,0.00180225861778936,1,0.0158489319246111,0.00458521466822484,100,0.158958476273062,0.268048041289676,125.324236849288,74.3200720057431,ps03
11bc,168,11,warm,0,cat,6,7.5,1.2,none,40,48,0,none,,20,2.7,0,bc,1,0,40,6,1.6431676725155,0,1,0,0,0,0,0,11bc,8568,FALSE,1,1,1.69252982283837e-25,1.20576022414123,27.0844722207951,0.00219238392602961,0.00219238392602961,0.564259837933232,0.613594438864687,0.303364294593044,0.0562856036059318,0.00180225861778936,1,0.0158489319246111,0.00217309175494616,100,0.444321452110171,0.642849425658471,113.927907400445,78.744121456106,ps03
11bsth,168,11,warm,0,cat,6,7.5,1.2,none,40,48,0,none,,20,2.7,0,bsth,1,0,40,6,1.6431676725155,0,0,0,0,0,0,0,11bsth,8736,FALSE,1,1,2.11990093373784e-07,1.86532818407036,17.818624074246,0.00339166145248626,0.00339166145248626,0.371221334880125,0.613594438864687,0.0553186000342169,0.0562856036059318,0.00180225861778936,1,0.0158489319246111,0.00336181552174138,100,0.27663456934028,0.44071818101956,118.721134700374,74.5201159921509,ps03
11cs,168,11,warm,0,cat,6,7.5,1.2,none,40,48,0,none,,20,2.7,0,cs,1,0,0,0,1.6431676725155,0,0,0,1,0,0,0,11cs,9240,FALSE,1,1,3.55492202873804e-09,2.77527866149641,3.14703655026011,0.00305964004402259,0.00305964004402259,0.0655632614637523,0.0102895392549555,0.0553186000342169,0.0562856036059318,0.00109314957419841,1,0.0158489319246111,0.00303379488375005,100,0.0478069797858645,0.114212558318136,174.202069525293,72.9173301000216,ps03
11os,168,11,warm,0,cat,6,7.5,1.2,none,40,48,0,none,,20,2.7,0,os,1,0,0,0,1.6431676725155,0,0,1,0,0,0,0,11os,9072,FALSE,1,1,3.00268110780832e-08,2.38771128392353,6.51386319394319,0.00434147838932031,0.00434147838932031,0.13570548320715,0.0869110626875687,0.0553186000342169,0.0562856036059318,0.00180225861778936,1,0.0158489319246111,0.00430327489928524,100,0.127765084218527,0.238945712619787,176.076682365917,94.1488001803864,ps03
11ts,168,11,warm,0,cat,6,7.5,1.2,none,40,48,0,none,,20,2.7,0,ts,1,0,40,6,1.6431676725155,1,0,0,0,0,0,0,11ts,8904,FALSE,1,1,1.55972112792083e-06,1.9969525092814,16.2164443677271,0.00363104728613806,0.00363104728613806,0.337842590994315,0.613594438864687,0.0434392977967239,0.0562856036059318,0.00180225861778936,1,0.0158489319246111,0.00359909262235906,100,0.271553993399784,0.421357103607018,124.719947939929,80.3788511686953,ps03
12bc,168,12,hot,0,cat,6,7.5,1.2,none,40,48,0,none,,35,2.7,0,bc,1,0,40,6,1.6431676725155,0,1,0,0,0,0,0,12bc,9408,FALSE,1,1,1.13634272203997e-77,1.03676078960254,29.8554529790225,0.00188509924672786,0.00188509924672786,0.621988603729635,0.613594438864687,1.01844068873107,0.0562856036059318,0.00180225861778936,1,0.0158489319246111,0.00186851106764728,100,0.476811192995574,0.740074944104257,118.985290030483,76.6591526173418,ps03
12bsth,168,12,hot,0,cat,6,7.5,1.2,none,40,48,0,none,,35,2.7,0,bsth,1,0,40,6,1.6431676725155,0,0,0,0,0,0,0,12bsth,9576,FALSE,1,1,6.49446377066829e-17,1.33677308470349,25.0589954346779,0.00243059918960498,0.00243059918960498,0.522062404889124,0.613594438864687,0.185713065520988,0.0562856036059318,0.00180225861778936,1,0.0158489319246111,0.00240921081193574,100,0.427926173384492,0.614300383716102,117.667998684289,81.9683948464696,ps03
12cs,168,12,hot,0,cat,6,7.5,1.2,none,40,48,0,none,,35,2.7,0,cs,1,0,0,0,1.6431676725155,0,0,0,1,0,0,0,12cs,10080,FALSE,1,1,1.08907505797839e-18,2.76539981193433,3.27322877255006,0.00304874877780659,0.00304874877780659,0.0681922660947929,0.0102895392549555,0.185713065520988,0.0562856036059318,0.00109314957419841,1,0.0158489319246111,0.00302299562690438,100,0.0503761999297125,0.154872822221336,227.112004176617,73.8737731045415,ps03
12os,168,12,hot,0,cat,6,7.5,1.2,none,40,48,0,none,,35,2.7,0,os,1,0,0,0,1.6431676725155,0,0,1,0,0,0,0,12os,9912,FALSE,1,1,9.19892215677606e-18,2.31284540759664,7.53940764045429,0.00420535110835907,0.00420535110835907,0.157070992509464,0.0869110626875687,0.185713065520988,0.0562856036059318,0.00180225861778936,1,0.0158489319246111,0.0041683455674556,100,0.142953187404136,0.36956591954099,235.285913481906,91.0118317330439,ps03
12ts,168,12,hot,0,cat,6,7.5,1.2,none,40,48,0,none,,35,2.7,0,ts,1,0,40,6,1.6431676725155,1,0,0,0,0,0,0,12ts,9744,FALSE,1,1,5.27587070857566e-14,1.41910834266909,23.8369478560878,0.00258030598246606,0.00258030598246606,0.496603080335163,0.613594438864687,0.145832417178286,0.0562856036059318,0.00180225861778936,1,0.0158489319246111,0.00255760024015984,100,0.427368242466421,0.609203969977896,122.674222956237,86.058314857408,ps03
13bc,168,13,cooling,0,cat,6,7.5,1.2,none,40,48,0,none,,3.05952380952381,2.7,0,bc,1,0,40,6,1.6431676725155,0,1,0,0,0,0,0,13bc,10248,FALSE,1,1,2.35993617377468e-17,1.16126684114481,27.799049559023,0.00211148344868661,0.00211148344868661,0.57914686581298,0.613594438864687,0.0772593179012247,0.0562856036059318,0.00180225861778936,1,0.0158489319246111,0.00209290317200627,100,0.45545393710163,0.661614814097908,114.239557036912,78.6422173695587,ps03
13bsth,168,13,cooling,0,cat,6,7.5,1.2,none,40,48,0,none,,3.05952380952381,2.7,0,bsth,1,0,40,6,1.6431676725155,0,0,0,0,0,0,0,13bsth,10416,FALSE,1,1,6.47803924211113e-06,1.78748427201228,18.9011643821791,0.00325020290680911,0.00325020290680911,0.393774257962065,0.613594438864687,0.014088267413367,0.0562856036059318,0.00180225861778936,1,0.0158489319246111,0.00322160019774623,100,0.291185019727419,0.455863749158494,115.767788254561,73.9471953383686,ps03
13cs,168,13,cooling,0,cat,6,7.5,1.2,none,40,48,0,none,,3.05952380952381,2.7,0,cs,1,0,0,0,1.6431676725155,0,0,0,1,0,0,0,13cs,10920,FALSE,1,1,1.08632078217945e-07,2.77382200085938,3.1659049137717,0.00305803550492412,0.00305803550492412,0.0659563523702438,0.0102895392549555,0.014088267413367,0.0562856036059318,0.00109314957419841,1,0.0158489319246111,0.00303220386957939,100,0.0481064444456851,0.12016297539144,182.185598616657,72.9367873099488,ps03
13os,168,13,cooling,0,cat,6,7.5,1.2,none,40,48,0,none,,3.05952380952381,2.7,0,os,1,0,0,0,1.6431676725155,0,0,1,0,0,0,0,13os,10752,FALSE,1,1,9.17565804060047e-07,2.37668527603916,6.66719693135235,0.00432144184441086,0.00432144184441086,0.138899936069841,0.0869110626875687,0.014088267413367,0.0562856036059318,0.00180225861778936,1,0.0158489319246111,0.00428341444742708,100,0.130288202937256,0.253471350768944,182.484857762278,93.8000452870944,ps03
13ts,168,13,cooling,0,cat,6,7.5,1.2,none,40,48,0,none,,3.05952380952381,2.7,0,ts,1,0,40,6,1.6431676725155,1,0,0,0,0,0,0,13ts,10584,FALSE,1,1,2.28693372866908e-05,1.92420674057726,17.2238404773628,0.003498966022498,0.003498966022498,0.358830009945058,0.613594438864687,0.0110629054826151,0.0562856036059318,0.00180225861778936,1,0.0158489319246111,0.00346817118193061,100,0.293150797833111,0.426709298017576,118.916836995577,81.6962878545183,ps03
14bc,168,14,warming,0,cat,6,7.5,1.2,none,40,48,0,none,,22.9404761904762,2.7,0,bc,1,0,40,6,1.6431676725155,0,1,0,0,0,0,0,14bc,11088,FALSE,1,1,2.35993617377468e-17,1.65765110074424,20.442616865897,0.00301403840952474,0.00301403840952474,0.425887851372855,0.613594438864687,0.384655132648929,0.0562856036059318,0.00180225861778936,1,0.0158489319246111,0.00298751598160434,100,0.272930790397158,0.478374134445313,112.323968129936,64.0851316883921,ps03
14bsth,168,14,warming,0,cat,6,7.5,1.2,none,40,48,0,none,,22.9404761904762,2.7,0,bsth,1,0,40,6,1.6431676725155,0,0,0,0,0,0,0,14bsth,11256,FALSE,1,1,6.47803924211114e-06,2.49831863453714,10.523864419451,0.00454307341361471,0.00454307341361471,0.219247175405228,0.613594438864687,0.0701420167546726,0.0562856036059318,0.00180225861778936,1,0.0158489319246111,0.00450307067181538,100,0.163929690312126,0.285987842652978,130.440833330872,74.7693510801859,ps03
14cs,168,14,warming,0,cat,6,7.5,1.2,none,40,48,0,none,,22.9404761904762,2.7,0,cs,1,0,0,0,1.6431676725155,0,0,0,1,0,0,0,14cs,11760,FALSE,1,1,1.08632078217945e-07,2.78701457710181,3.01996058241118,0.00307258635829166,0.00307258635829166,0.0629158454668995,0.0102895392549555,0.0701420167546726,0.0562856036059318,0.00109314957419841,1,0.0158489319246111,0.00304663141791666,100,0.0456637013828106,0.0872291804163591,138.644215569273,72.5790157375134,ps03
14os,168,14,warming,0,cat,6,7.5,1.2,none,40,48,0,none,,22.9404761904762,2.7,0,os,1,0,0,0,1.6431676725155,0,0,1,0,0,0,0,14os,11592,FALSE,1,1,9.17565804060047e-07,2.47736964657581,5.48061505235036,0.00450456728125737,0.00450456728125737,0.114179480257299,0.0869110626875687,0.0701420167546726,0.0562856036059318,0.00180225861778936,1,0.0158489319246111,0.00446492515490704,100,0.104063605087356,0.15254576248962,133.601731367023,91.1403737806936,ps03
14ts,168,14,warming,0,cat,6,7.5,1.2,none,40,48,0,none,,22.9404761904762,2.7,0,ts,1,0,40,6,1.6431676725155,1,0,0,0,0,0,0,14ts,11424,FALSE,1,1,2.28693372866908e-05,2.59973839777655,9.51329586664954,0.00472832799924561,0.00472832799924561,0.198193663888532,0.613594438864687,0.0550794841515217,0.0562856036059318,0.00180225861778936,1,0.0158489319246111,0.00468666056269135,100,0.152117620023572,0.258538898416535,130.447610354458,76.7520096450337,ps03
15bc,168,15,still,0,cat,6,7.5,1.2,none,40,48,0,none,,13,0,0,bc,1,0,40,6,0,0,1,0,0,0,0,0,15bc,11928,FALSE,1,1,1.85910615971217e-05,2.22503534879158,13.6020774683634,0.00404624539691234,0.00404624539691234,0.283376613924238,0.613594438864687,0.0286882628872531,0.0562856036059318,0.00180225861778936,1,0.0158489319246111,0.00401062247750804,100,0.162328435911931,0.373102063549039,131.662969072243,57.2836387816147,ps03
15bsth,168,15,still,0,cat,6,7.5,1.2,none,40,48,0,none,,13,0,0,bsth,1,0,40,6,0,0,0,0,0,0,0,0,15bsth,12096,FALSE,1,1,0.00095665990686705,2.90247653022844,6.85334408606205,0.00528256488759382,0.00528256488759382,0.142778001792959,0.613594438864687,0.00523131617208062,0.0562856036059318,0.00180225861778936,1,0.0158489319246111,0.00523601792997755,100,0.103649896912396,0.240583755018639,168.501976493204,72.5951446376853,ps03
15cs,168,15,still,0,cat,6,7.5,1.2,none,40,48,0,none,,13,0,0,cs,1,0,0,0,0,0,0,0,1,0,0,0,15cs,12600,FALSE,1,1,1.60425014339502e-05,2.79441757862002,2.95607630587975,0.00308082582073865,0.00308082582073865,0.0615849230391614,0.0102895392549555,0.00523131617208062,0.0562856036059318,0.00109314957419841,1,0.0158489319246111,0.00305480030959823,100,0.0450316353150148,0.0696476352078825,113.092022804988,73.1212009250698,ps03
15os,168,15,still,0,cat,6,7.5,1.2,none,40,48,0,none,,13,0,0,os,1,0,0,0,0,0,0,1,0,0,0,0,15os,12432,FALSE,1,1,0.000135503720161227,2.53461558947107,4.96071330196713,0.00460931071728155,0.00460931071728155,0.103348193790982,0.0869110626875687,0.00523131617208062,0.0562856036059318,0.00180225861778936,1,0.0158489319246111,0.00456874165171016,100,0.0813232110305467,0.13830079672832,133.820235898876,78.6885653705956,ps03
15ts,168,15,still,0,cat,6,7.5,1.2,none,40,48,0,none,,13,0,0,ts,1,0,40,6,0,1,0,0,0,0,0,0,15ts,12264,FALSE,1,1,0.00115537188142742,2.95337554734473,6.3980472197893,0.00537483283889273,0.00537483283889273,0.133292650412277,0.613594438864687,0.00410792574156373,0.0562856036059318,0.00180225861778936,1,0.0158489319246111,0.00532749271366321,100,0.0930138115999779,0.225292563205603,169.020994412496,69.7816506103557,ps03
16bc,168,16,windy,0,cat,6,7.5,1.2,none,40,48,0,none,,13,10,0,bc,1,0,40,6,3.16227766016838,0,1,0,0,0,0,0,16bc,12768,FALSE,1,1,2.24915282184646e-69,1.04650349744329,29.6905806233575,0.00190281400928072,0.00190281400928072,0.618553762986615,0.613594438864687,0.904729858975671,0.0562856036059318,0.00180225861778936,1,0.0158489319246111,0.00188606994681388,100,0.455035251624978,0.741168347957007,119.822785391905,73.5643817649565,ps03
16bsth,168,16,windy,0,cat,6,7.5,1.2,none,40,48,0,none,,13,10,0,bsth,1,0,40,6,3.16227766016838,0,0,0,0,0,0,0,16bsth,12936,FALSE,1,1,2.11551026203247e-15,1.37555654364427,24.4786250198295,0.00250111754829163,0.00250111754829163,0.509971354579781,0.613594438864687,0.164977850392141,0.0562856036059318,0.00180225861778936,1,0.0158489319246111,0.00247910863503978,100,0.413105224238837,0.604734951181025,118.582141085028,81.0055742403881,ps03
16cs,168,16,windy,0,cat,6,7.5,1.2,none,40,48,0,none,,13,10,0,cs,1,0,0,0,3.16227766016838,0,0,0,1,0,0,0,16cs,13440,FALSE,1,1,3.54755918676842e-17,2.76612762239114,3.26311125254621,0.00304955116132843,0.00304955116132843,0.0679814844280461,0.0102895392549555,0.164977850392141,0.0562856036059318,0.00109314957419841,1,0.0158489319246111,0.00302379123259535,100,0.0491603251869826,0.160934622116247,236.733021454667,72.3142861627501,ps03
16os,168,16,windy,0,cat,6,7.5,1.2,none,40,48,0,none,,13,10,0,os,1,0,0,0,3.16227766016838,0,0,1,0,0,0,0,16os,13272,FALSE,1,1,2.99646204975213e-16,2.31833879446221,7.45720251225881,0.00421533950640196,0.00421533950640196,0.155358385672059,0.0869110626875687,0.164977850392141,0.0562856036059318,0.00180225861778936,1,0.0158489319246111,0.00417824607127497,100,0.143525082729338,0.333600177758731,214.729431125088,92.3832222563774,ps03
16ts,168,16,windy,0,cat,6,7.5,1.2,none,40,48,0,none,,13,10,0,ts,1,0,40,6,3.16227766016838,1,0,0,0,0,0,0,16ts,13104,FALSE,1,1,8.13367462172555e-13,1.46394976449422,23.1871130082387,0.00266183928452435,0.00266183928452435,0.483064854338307,0.613594438864687,0.129549951889867,0.0562856036059318,0.00180225861778936,1,0.0158489319246111,0.00263841607917579,100,0.402443492165495,0.546384112480936,113.107817216254,83.3104475623164,ps03
17bc,168,17,light rain,0,cat,6,7.5,1.2,none,40,48,0,none,,13,2.7,0,bc,1,3,40,6,1.6431676725155,0,1,0,0,0,0,0,17bc,13608,FALSE,1,1,3.47648927234429e-16,1.6302708303895,18.0993231967827,0.00296425399682221,0.00296425399682221,0.377069233266305,0.613594438864687,0.172389655071473,0.0562856036059318,0.00180225861778936,1,0.0158489319246111,0.00293816965340015,100,0.142458965816329,0.550087752986074,145.885080100814,37.7805859635642,ps03
17bsth,168,17,light rain,0,cat,6,7.5,1.2,none,40,48,0,none,,13,2.7,0,bsth,1,3,40,6,1.6431676725155,0,0,0,0,0,0,0,17bsth,13776,FALSE,1,1,6.68923774502521e-06,2.19360231987167,10.3445205311432,0.0039887557612257,0.0039887557612257,0.215510844398816,0.613594438864687,0.0314353223134852,0.0562856036059318,0.00180225861778936,1,0.0158489319246111,0.00395364896333601,100,0.122531268766691,0.291514032711582,135.266526157782,56.856196312766,ps03
17cs,168,17,light rain,0,cat,6,7.5,1.2,none,40,48,0,none,,13,2.7,0,cs,1,3,0,0,1.6431676725155,0,0,0,1,0,0,0,17cs,14280,FALSE,1,1,1.12173725841647e-07,2.58826927656398,2.82100749094832,0.00285347273891734,0.00285347273891734,0.0587709893947567,0.0102895392549555,0.0314353223134852,0.0562856036059318,0.00109314957419841,1,0.0158489319246111,0.00282936898380397,100,0.0196256690459738,0.0742565869103246,126.349050228767,33.3934637617735,ps03
17os,168,17,light rain,0,cat,6,7.5,1.2,none,40,48,0,none,,13,2.7,0,os,1,3,0,0,1.6431676725155,0,0,1,0,0,0,0,17os,14112,FALSE,1,1,9.47480492270471e-07,2.28449024640241,5.1815191571346,0.00415382517195972,0.00415382517195972,0.107948315773638,0.0869110626875687,0.0314353223134852,0.0562856036059318,0.00180225861778936,1,0.0158489319246111,0.00411727201818915,100,0.0494234241965573,0.147148293193633,136.313653565653,45.7843402579766,ps03
17ts,168,17,light rain,0,cat,6,7.5,1.2,none,40,48,0,none,,13,2.7,0,ts,1,3,40,6,1.6431676725155,1,0,0,0,0,0,0,17ts,13944,FALSE,1,1,2.07924187805587e-05,2.2731766627252,9.43461260561514,0.00413375658915527,0.00413375658915527,0.196554429283649,0.613594438864687,0.0246847954660249,0.0562856036059318,0.00180225861778936,1,0.0158489319246111,0.004097365486759,100,0.103236322372494,0.260501874227696,132.534217202383,52.5230200859598,ps03
18bc,168,18,moderate rain,0,cat,6,7.5,1.2,none,40,48,0,none,,13,2.7,0,bc,1,15,40,6,1.6431676725155,0,1,0,0,0,0,0,18bc,14448,FALSE,1,1,2.93505905047589e-126,0.0175958730319854,0.142456803359777,3.19938478873516e-05,3.19938478873516e-05,0.00296785006999536,0.613594438864687,0.172389655071473,0.0562856036059318,0.00180225861778936,1,0.0158489319246111,3.17123138094232e-05,100,5.74484738416062e-05,0.487504672673568,16426.1893686001,1.93569326235189,ps03
18bsth,168,18,moderate rain,0,cat,6,7.5,1.2,none,40,48,0,none,,13,2.7,0,bsth,1,15,40,6,1.6431676725155,0,0,0,0,0,0,0,18bsth,14616,FALSE,1,1,5.64745242866283e-116,0.0176143147862843,0.0936619024838657,3.20273797661391e-05,3.20273797661391e-05,0.00195128963508054,0.613594438864687,0.0314353223134852,0.0562856036059318,0.00180225861778936,1,0.0158489319246111,3.17455506200355e-05,100,3.23550821245273e-05,0.265964809829096,13630.2066616635,1.65813836874052,ps03
18cs,168,18,moderate rain,0,cat,6,7.5,1.2,none,40,48,0,none,,13,2.7,0,cs,1,15,0,0,1.6431676725155,0,0,0,1,0,0,0,18cs,15120,FALSE,1,1,9.47037322612283e-118,0.0196095690195835,0.0508540977731733,2.16188087247826e-05,2.16188087247826e-05,0.00105946037027444,0.0102895392549555,0.0314353223134852,0.0562856036059318,0.00109314957419841,1,0.0158489319246111,2.14361920239721e-05,100,9.81336053166358e-06,0.0666453386064397,6290.49849114941,0.92626027428676,ps03
18os,168,18,moderate rain,0,cat,6,7.5,1.2,none,40,48,0,none,,13,2.7,0,os,1,15,0,0,1.6431676725155,0,0,1,0,0,0,0,18os,14952,FALSE,1,1,7.99919394577199e-117,0.0174335576702911,0.083978346522483,3.16987165811383e-05,3.16987165811383e-05,0.00174954888588506,0.0869110626875687,0.0314353223134852,0.0562856036059318,0.00180225861778936,1,0.0158489319246111,3.141977955001e-05,100,2.06938974569985e-05,0.117302978099442,6704.75566849341,1.18281333113649,ps03
18ts,168,18,moderate rain,0,cat,6,7.5,1.2,none,40,48,0,none,,13,2.7,0,ts,1,15,40,6,1.6431676725155,1,0,0,0,0,0,0,18ts,14784,FALSE,1,1,1.755419681822e-115,0.0176151995613559,0.0913209645999519,3.20289885160502e-05,3.20289885160502e-05,0.00190252009583233,0.613594438864687,0.0246847954660249,0.0562856036059318,0.00180225861778936,1,0.0158489319246111,3.17471452135331e-05,100,2.12457442961252e-05,0.220599588814265,11595.1252918438,1.1167158939696,ps03
19bc,168,19,heavy rain,0,cat,6,7.5,1.2,none,40,48,0,none,,13,2.7,0,bc,1,45,40,6,1.6431676725155,0,1,0,0,0,0,0,19bc,15288,FALSE,1,1,0,1.33563950061554e-130,0.000865094990791432,0,0,1.80228123081548e-05,0.613594438864687,0.172389655071473,0.0562856036059318,0.00180225861778936,1,0.0158489319246111,2.40716780024424e-133,100,1.34106603739459e-05,0.463705045259066,2572878.40172009,74.4093660004323,ps03
19bsth,168,19,heavy rain,0,cat,6,7.5,1.2,none,40,48,0,none,,13,2.7,0,bsth,1,45,40,6,1.6431676725155,0,0,0,0,0,0,0,19bsth,15456,FALSE,1,1,0,1.33563950121722e-130,0.000865073368027323,0,0,1.80223618339026e-05,0.613594438864687,0.0314353223134852,0.0562856036059318,0.00180225861778936,1,0.0158489319246111,2.40716780132863e-133,100,1.34106536410288e-05,0.250878994828534,1392042.82513403,74.4111885258099,ps03
19cs,168,19,heavy rain,0,cat,6,7.5,1.2,none,40,48,0,none,,13,2.7,0,cs,1,45,0,0,1.6431676725155,0,0,0,1,0,0,0,19cs,15960,FALSE,1,1,0,1.50461975149742e-130,0.000524706140659613,0,0,1.09313779304086e-05,0.0102895392549555,0.0314353223134852,0.0562856036059318,0.00109314957419841,1,0.0158489319246111,1.64477444067993e-133,100,8.78019054346617e-06,0.0668012965446498,611096.761725014,80.3209860583237,ps03
19os,168,19,heavy rain,0,cat,6,7.5,1.2,none,40,48,0,none,,13,2.7,0,os,1,45,0,0,1.6431676725155,0,0,1,0,0,0,0,19os,15792,FALSE,1,1,0,1.33563913492458e-130,0.000865069228803657,0,0,1.80222756000762e-05,0.0869110626875687,0.0314353223134852,0.0562856036059318,0.00180225861778936,1,0.0158489319246111,2.40716714117456e-133,100,1.34106519342545e-05,0.111705870457709,619821.119910279,74.4115351015818,ps03
19ts,168,19,heavy rain,0,cat,6,7.5,1.2,none,40,48,0,none,,13,2.7,0,ts,1,45,40,6,1.6431676725155,1,0,0,0,0,0,0,19ts,15624,FALSE,1,1,0,1.33563950124604e-130,0.000865072332478809,0,0,1.80223402599752e-05,0.613594438864687,0.0246847954660249,0.0562856036059318,0.00180225861778936,1,0.0158489319246111,2.40716780138056e-133,100,1.34106514362541e-05,0.229130813319666,1271371.03181061,74.4112653673346,ps03
1bc,168,1,ref,0,cat,6,7.5,1.2,none,40,48,0,none,,13,2.7,0,bc,1,0,40,6,1.6431676725155,0,1,0,0,0,0,0,1bc,168,FALSE,1,1,6.09030369875173e-16,1.36081811572922,24.6981723350496,0.00247431927462927,0.00247431927462927,0.5145452569802,0.613594438864687,0.172389655071473,0.0562856036059318,0.00180225861778936,1,0.0158489319246111,0.00245254617631698,100,0.384842803054019,0.577142989259138,112.16564168647,74.7927996290574,ps03
1bsth,168,1,ref,0,cat,6,7.5,1.2,none,40,48,0,none,,13,2.7,0,bsth,1,0,40,6,1.6431676725155,0,0,0,0,0,0,0,1bsth,336,FALSE,1,1,1.17185718662912e-05,2.17528618138234,14.1557212801032,0.00395561726051064,0.00395561726051064,0.294910860002151,0.613594438864687,0.0314353223134852,0.0562856036059318,0.00180225861778936,1,0.0158489319246111,0.00392079664363811,100,0.215716973144085,0.353220031812211,119.771795385777,73.1465003162352,ps03
1cs,168,1,ref,0,cat,6,7.5,1.2,none,40,48,0,none,,13,2.7,0,cs,1,0,0,0,1.6431676725155,0,0,0,1,0,0,0,1cs,840,FALSE,1,1,1.9651205681284e-07,2.7810319726232,3.08322310368028,0.00306598909437028,0.00306598909437028,0.0642338146600059,0.0102895392549555,0.0314353223134852,0.0562856036059318,0.00109314957419841,1,0.0158489319246111,0.00304009009412506,100,0.0466319665942229,0.0956629586095432,148.929281432052,72.5972244386374,ps03
1os,168,1,ref,0,cat,6,7.5,1.2,none,40,48,0,none,,13,2.7,0,os,1,0,0,0,1.6431676725155,0,0,1,0,0,0,0,1os,672,FALSE,1,1,1.65984805202025e-06,2.43161451581191,5.99504041101635,0.00442135851123826,0.00442135851123826,0.124896675229507,0.0869110626875687,0.0314353223134852,0.0562856036059318,0.00180225861778936,1,0.0158489319246111,0.00438245039412223,100,0.117160842987187,0.191537031619507,153.356389405517,93.806214434367,ps03
1ts,168,1,ref,0,cat,6,7.5,1.2,none,40,48,0,none,,13,2.7,0,ts,1,0,40,6,1.6431676725155,1,0,0,0,0,0,0,1ts,504,FALSE,1,1,3.64252943371921e-05,2.30526066526818,12.7277748401629,0.00419249473162608,0.00419249473162608,0.265161975836728,0.613594438864687,0.0246847954660249,0.0562856036059318,0.00180225861778936,1,0.0158489319246111,0.00415557505117093,100,0.206076347492481,0.329257438273484,124.172192198561,77.7171564068339,ps03
20bc,168,20,pH 6.4,0,cat,6,6.4,1.2,none,40,48,0,none,,13,2.7,0,bc,1,0,40,6,1.6431676725155,0,1,0,0,0,0,0,20bc,16128,FALSE,1,1,3.35163740741694e-07,1.92784434735052,17.2927122346739,0.00328384607446708,0.00328384607446708,0.360264838222372,0.613594438864687,0.0525919354715143,0.0562856036059318,0.00168847486491028,1,0.0158489319246111,0.00325513435087053,100,0.196988571410199,0.462508563611343,128.380156635175,54.6788224968566,ps03
20bsth,168,20,pH 6.4,0,cat,6,6.4,1.2,none,40,48,0,none,,13,2.7,0,bsth,1,0,40,6,1.6431676725155,0,0,0,0,0,0,0,20bsth,16296,FALSE,1,1,0.000459970393086436,2.77550806374457,8.22891361443235,0.00473224757501356,0.00473224757501356,0.171435700300674,0.613594438864687,0.00959016039536497,0.0562856036059318,0.00168847486491028,1,0.0158489319246111,0.00469078679283531,100,0.126132412853402,0.219153691897229,127.834337604632,73.574181242404,ps03
20cs,168,20,pH 6.4,0,cat,6,6.4,1.2,none,40,48,0,none,,13,2.7,0,cs,1,0,0,0,1.6431676725155,0,0,0,1,0,0,0,20cs,16800,FALSE,1,1,7.71337403992332e-06,2.82370759303046,2.80957482546933,0.0029164681958056,0.0029164681958056,0.0585328088639443,0.0102895392549555,0.00959016039536497,0.0562856036059318,0.00102413469487824,1,0.0158489319246111,0.00289193088670785,100,0.0184090620557209,0.0765495503603902,130.780585873343,31.4508434039303,ps03
20os,168,20,pH 6.4,0,cat,6,6.4,1.2,none,40,48,0,none,,13,2.7,0,os,1,0,0,0,1.6431676725155,0,0,1,0,0,0,0,20os,16632,FALSE,1,1,6.51513656837047e-05,2.5576140679317,4.92395577952724,0.00435719943171353,0.00435719943171353,0.102582412073484,0.0869110626875687,0.00959016039536497,0.0562856036059318,0.00168847486491028,1,0.0158489319246111,0.00431909187989048,100,0.0745167224271371,0.130494161495634,127.209098380486,72.6408366901703,ps03
20ts,168,20,pH 6.4,0,cat,6,6.4,1.2,none,40,48,0,none,,13,2.7,0,ts,1,0,40,6,1.6431676725155,1,0,0,0,0,0,0,20ts,16464,FALSE,1,1,0.00065011237917403,2.85542730402508,7.48728222837941,0.00486886583541502,0.00486886583541502,0.155985046424571,0.613594438864687,0.00753073709520718,0.0562856036059318,0.00168847486491028,1,0.0158489319246111,0.00482621305683476,100,0.116373053337478,0.186138181209535,119.330785531128,74.6052624946662,ps03
21bc,168,21,pH 6,0,cat,6,6,1.2,none,40,48,0,none,,13,2.7,0,bc,1,0,40,6,1.6431676725155,0,1,0,0,0,0,0,21bc,16968,FALSE,1,1,7.42293822115359e-06,2.18281022077072,14.3918653671443,0.00363118456651002,0.00363118456651002,0.299830528482173,0.613594438864687,0.0341531791994159,0.0562856036059318,0.00164890450723222,1,0.0158489319246111,0.00359949912840065,100,0.153302272226643,0.441682301025605,147.31065020681,51.1296408016563,ps03
21bsth,168,21,pH 6,0,cat,6,6,1.2,none,40,48,0,none,,13,2.7,0,bsth,1,0,40,6,1.6431676725155,0,0,0,0,0,0,0,21bsth,17136,FALSE,1,1,0.000809187752523079,2.92742128275055,6.90493461036244,0.00487467869064684,0.00487467869064684,0.143852804382551,0.613594438864687,0.00622784583981409,0.0562856036059318,0.00164890450723222,1,0.0158489319246111,0.00483207764427309,100,0.0995108452393312,0.193294068414477,134.369343193648,69.1754642298804,ps03
21cs,168,21,pH 6,0,cat,6,6,1.2,none,40,48,0,none,,13,2.7,0,cs,1,0,0,0,1.6431676725155,0,0,0,1,0,0,0,21cs,17640,FALSE,1,1,1.35694990320008e-05,2.83755435247862,2.72705177059419,0.0028620631500953,0.0028620631500953,0.0568135785540455,0.0102895392549555,0.00622784583981409,0.0562856036059318,0.00100013352256053,1,0.0158489319246111,0.0028380177387495,100,0.0129441344932202,0.0796837424205202,140.254749742122,22.7835225709409,ps03
21os,168,21,pH 6,0,cat,6,6,1.2,none,40,48,0,none,,13,2.7,0,os,1,0,0,0,1.6431676725155,0,0,1,0,0,0,0,21os,17472,FALSE,1,1,0.000114615392563972,2.59356847431517,4.6552837636093,0.00431491221853708,0.00431491221853708,0.096985078408527,0.0869110626875687,0.00622784583981409,0.0562856036059318,0.00164890450723222,1,0.0158489319246111,0.00427726055410943,100,0.0556946507628782,0.134241484116932,138.41457502511,57.4259996246819,ps03
21ts,168,21,pH 6,0,cat,6,6,1.2,none,40,48,0,none,,13,2.7,0,ts,1,0,40,6,1.6431676725155,1,0,0,0,0,0,0,21ts,17304,FALSE,1,1,0.001013041274779,2.98675990348469,6.37422784999972,0.00497328232112171,0.00497328232112171,0.132796413541661,0.613594438864687,0.00489045727658394,0.0562856036059318,0.00164890450723222,1,0.0158489319246111,0.00492983610195011,100,0.0822142561508001,0.167980735595817,126.494933948738,61.9099973848375,ps03
22bc,168,22,"low DM, high application, cold, still",0,cat,3,7.5,1.2,none,100,120,0,none,,0,0,0,bc,1,0,100,3,0,0,1,0,0,0,0,0,22bc,17808,FALSE,1,1,0.000466856486585614,6.44592349814055,17.0415570649309,0.0117256028034873,0.0117256028034873,0.142012975541091,0.311246713415997,0.0109156523999021,0.0562856036059318,0.00180225861778936,1,0.0158489319246111,0.011622317217263,100,0.0913583661413195,0.166679839149764,117.369443541823,64.3309991873842,ps03
22bsth,168,22,"low DM, high application, cold, still",0,cat,3,7.5,1.2,none,100,120,0,none,,0,0,0,bsth,1,0,100,3,0,0,0,0,0,0,0,0,22bsth,17976,FALSE,1,1,0.00209111343122504,6.92396103466854,12.6907028204247,0.0125937290524298,0.0125937290524298,0.105755856836872,0.311246713415997,0.00199047356589133,0.0562856036059318,0.00180225861778936,1,0.0158489319246111,0.0124829307499773,100,0.0741745994183821,0.122793526431919,116.110379230653,70.137580685291,ps03
22cs,168,22,"low DM, high application, cold, still",0,cat,3,7.5,1.2,none,100,120,0,none,,0,0,0,cs,1,0,0,0,0,0,0,0,1,0,0,0,22cs,18480,FALSE,1,1,1.98189484603487e-05,6.97466760471216,7.30401325885665,0.00768934743127314,0.00768934743127314,0.0608667771571387,0.00294990337660968,0.00199047356589133,0.0562856036059318,0.00109314957419841,1,0.0158489319246111,0.00762439437135957,100,0.0441479430470929,0.0667376462617128,109.645441041535,72.5320858259292,ps03
22os,168,22,"low DM, high application, cold, still",0,cat,3,7.5,1.2,none,100,120,0,none,,0,0,0,os,1,0,0,0,0,0,0,1,0,0,0,0,22os,18312,FALSE,1,1,0.000177186446703502,6.24741475108231,11.7116377699817,0.0113597696949146,0.0113597696949146,0.0975969814165142,0.0263728874650363,0.00199047356589133,0.0562856036059318,0.00180225861778936,1,0.0158489319246111,0.0112598097589809,100,0.0653025953338853,0.112142225857854,114.903375319843,66.9104662727157,ps03
22ts,168,22,"low DM, high application, cold, still",0,cat,3,7.5,1.2,none,100,120,0,none,,0,0,0,ts,1,0,100,3,0,1,0,0,0,0,0,0,22ts,18144,FALSE,1,1,0.0022467994848911,6.95207261007046,12.4484935204665,0.0126441644911921,0.0126441644911921,0.103737446003887,0.311246713415997,0.0015630325773208,0.0562856036059318,0.00180225861778936,1,0.0158489319246111,0.0125329445937865,100,0.0702121573599461,0.124763107707257,120.268150521637,67.6825582898146,ps03
23bc,168,23,"high DM, low application, hot, windy",0,cat,10,7.5,1.2,none,5,6,0,none,,35,10,0,bc,1,0,5,10,3.16227766016838,0,1,0,0,0,0,0,23bc,18648,FALSE,1,1,0,0.0358379469177739,5.37219907656504,6.51626560497221e-05,6.51626560497221e-05,0.895366512760841,0.894552017013151,4.78292794611202,0.0562856036059318,0.00180225861778936,1,0.0158489319246111,6.45892486764357e-05,100,0.734109906055301,0.948965642225208,105.986278099579,81.9898773957595,ps03
23bsth,168,23,"high DM, low application, hot, windy",0,cat,10,7.5,1.2,none,5,6,0,none,,35,10,0,bsth,1,0,5,10,3.16227766016838,0,0,0,0,0,0,0,23bsth,18816,FALSE,1,1,9.73542062549548e-68,0.0497037820943027,5.13467794751027,9.03743304387916e-05,9.03743304387916e-05,0.855779657918379,0.894552017013151,0.87216881735665,0.0562856036059318,0.00180225861778936,1,0.0158489319246111,8.95790696161817e-05,100,0.72889269176073,0.921518534996782,107.68175271171,85.1729396716099,ps03
23cs,168,23,"high DM, low application, hot, windy",0,cat,10,7.5,1.2,none,5,6,0,none,,35,10,0,cs,1,0,0,0,3.16227766016838,0,0,0,1,0,0,0,23cs,19320,FALSE,1,1,5.72652130827727e-69,0.331164429216758,0.643206991597349,0.000365096267263221,0.000365096267263221,0.107201165266225,0.0526188994173789,0.87216881735665,0.0562856036059318,0.00109314957419841,1,0.0158489319246111,0.00036201225478796,100,0.05893144383135,0.39541958152852,368.857540444201,54.9727642278876,ps03
23os,168,23,"high DM, low application, hot, windy",0,cat,10,7.5,1.2,none,5,6,0,none,,35,10,0,os,1,0,0,0,3.16227766016838,0,0,1,0,0,0,0,23os,19152,FALSE,1,1,3.66855437843816e-68,0.211439578629107,2.2969729081475,0.000384451837299071,0.000384451837299071,0.382828818024584,0.337089977412995,0.87216881735665,0.0562856036059318,0.00180225861778936,1,0.0158489319246111,0.000381068802726059,100,0.253259103432833,0.840584311068329,219.571848171145,66.1546601271196,ps03
23ts,168,23,"high DM, low application, hot, windy",0,cat,10,7.5,1.2,none,5,6,0,none,,35,10,0,ts,1,0,5,10,3.16227766016838,1,0,0,0,0,0,0,23ts,18984,FALSE,1,1,4.50286442239073e-54,0.0541291365600822,5.06039713682859,9.84207693601746e-05,9.84207693601746e-05,0.843399522804764,0.894552017013151,0.684876351945596,0.0562856036059318,0.00180225861778936,1,0.0158489319246111,9.75547028389054e-05,100,0.710945964731433,0.917193607325623,108.749599985005,84.2952770908796,ps03
24bc,168,24,"high DM, low application, hot, windy, pH 6",0,cat,10,6,1.2,none,5,6,0,none,,35,10,0,bc,1,0,5,10,3.16227766016838,0,1,0,0,0,0,0,24bc,19488,FALSE,1,1,3.06605437950325e-73,0.0496572196484106,5.14967244464756,8.26005714351652e-05,8.26005714351652e-05,0.858278740774593,0.894552017013151,0.947575393510315,0.0562856036059318,0.00164890450723222,1,0.0158489319246111,8.18800132948846e-05,100,0.700731050692487,0.923587792124378,107.609305490993,81.6437617993521,ps03
24bsth,168,24,"high DM, low application, hot, windy, pH 6",0,cat,10,6,1.2,none,5,6,0,none,,35,10,0,bsth,1,0,5,10,3.16227766016838,0,0,0,0,0,0,0,24bsth,19656,FALSE,1,1,1.03754900881719e-16,0.108971442915101,4.22215502531837,0.00018126474898672,0.00018126474898672,0.703692504219729,0.894552017013151,0.17279075069194,0.0562856036059318,0.00164890450723222,1,0.0158489319246111,0.000179683503382327,100,0.583970634434727,0.841985288329768,119.652445248565,82.9866214195713,ps03
24cs,168,24,"high DM, low application, hot, windy, pH 6",0,cat,10,6,1.2,none,5,6,0,none,,35,10,0,cs,1,0,0,0,3.16227766016838,0,0,0,1,0,0,0,24cs,20160,FALSE,1,1,6.10301982413954e-18,0.340168414076871,0.559963382680769,0.0003430961421238,0.0003430961421238,0.0933272304467948,0.0526188994173789,0.17279075069194,0.0562856036059318,0.00100013352256053,1,0.0158489319246111,0.000340213834234531,100,0.0403138787158867,0.367228507007236,393.484843865146,43.1962660017746,ps03
24os,168,24,"high DM, low application, hot, windy, pH 6",0,cat,10,6,1.2,none,5,6,0,none,,35,10,0,os,1,0,0,0,3.16227766016838,0,0,1,0,0,0,0,24os,19992,FALSE,1,1,3.90974884965152e-17,0.23880253185999,1.9247298387149,0.000397227749188156,0.000397227749188156,0.320788306452484,0.337089977412995,0.17279075069194,0.0562856036059318,0.00164890450723222,1,0.0158489319246111,0.000393762571122411,100,0.237271214417226,0.702820415847491,219.091656930953,73.9650447490273,ps03
24ts,168,24,"high DM, low application, hot, windy, pH 6",0,cat,10,6,1.2,none,5,6,0,none,,35,10,0,ts,1,0,5,10,3.16227766016838,1,0,0,0,0,0,0,24ts,19824,FALSE,1,1,5.28801573434937e-14,0.12503075997418,3.98975712260039,0.000207978060278169,0.000207978060278169,0.664959520433398,0.894552017013151,0.135685083700309,0.0562856036059318,0.00164890450723222,1,0.0158489319246111,0.00020616378367127,100,0.529799327470913,0.824548878224724,123.999860576071,79.6739216735492,ps03
25bc,168,25,best,0,cat,1,6,1.2,none,40,48,0,deep,0.167,0,2.7,0,bc,1,0,40,1,1.6431676725155,0,1,0,0,0,1,0,25bc,20328,FALSE,1,1,2.36839309494994e-15,3.3481466185078,0.0289602110709938,7.75853185863706e-09,7.75853185863706e-09,0.000603337730645705,0.163539255500094,0.0137373004116229,0.0562856036059318,2.29894711137777e-09,1,0.0158489319246111,7.69721202962309e-09,100,0.000171600492818563,0.00216866503804645,359.444624112187,28.4418633382853,ps03
25bsth,168,25,best,0,cat,1,6,1.2,none,40,48,0,deep,0.167,0,2.7,0,bsth,1,0,40,1,1.6431676725155,0,0,0,0,0,1,0,25bsth,20496,FALSE,1,1,1.56307136879989e-14,3.34917039869399,0.0143242728207873,7.76090423003362e-09,7.76090423003362e-09,0.00029842235043307,0.163539255500094,0.00250500220548327,0.0562856036059318,2.29894711137777e-09,1,0.0158489319246111,7.69956565274447e-09,100,9.29312224499144e-05,0.000560155538577116,187.705625186659,31.1408385849964,ps03
25cs,168,25,best,0,cat,1,6,1.2,none,40,48,0,deep,0.167,0,2.7,0,cs,1,0,0,0,1.6431676725155,0,0,0,1,0,1,0,25cs,21000,FALSE,1,1,1.22187675492482e-16,3.34817775102966,0.00802507665581897,4.70593650332696e-09,4.70593650332696e-09,0.000167189096996229,0.00127841133042248,0.00250500220548327,0.0562856036059318,1.39441311646484e-09,1,0.0158489319246111,4.66874297259759e-09,100,3.62459795691493e-05,0.00023038651751577,137.799965221995,21.6796311603782,ps03
25os,168,25,best,0,cat,1,6,1.2,none,40,48,0,deep,0.167,0,2.7,0,os,1,0,0,0,1.6431676725155,0,0,1,0,0,1,0,25os,20832,FALSE,1,1,1.10712627142234e-15,3.34790105034796,0.0132840758497949,7.75796278086605e-09,7.75796278086605e-09,0.000276751580204061,0.0115835149812781,0.00250500220548327,0.0562856036059318,2.29894711137777e-09,1,0.0158489319246111,7.6966474516494e-09,100,8.80686694309623e-05,0.000388829548817923,140.497679735459,31.8222824115495,ps03
25ts,168,25,best,0,cat,1,6,1.2,none,40,48,0,deep,0.167,0,2.7,0,ts,1,0,40,1,1.6431676725155,1,0,0,0,0,1,0,25ts,20664,FALSE,1,1,1.71090999279123e-14,3.34921947728194,0.0136226464461472,7.76101795330053e-09,7.76101795330053e-09,0.000283805134294732,0.163539255500094,0.00196706960621077,0.0562856036059318,2.29894711137777e-09,1,0.0158489319246111,7.69967847632227e-09,100,9.08302629695787e-05,0.000412412105396367,145.315237661654,32.0044467114014,ps03
26bc,168,26,pig,0,pig,6,7.5,1.2,none,40,48,0,none,,13,2.7,0,bc,1,0,40,6,1.6431676725155,0,1,0,0,0,0,1,26bc,21168,FALSE,1,1,3.63110127717742e-16,1.81027435208994,16.6022788212466,0.00329154695250722,0.00329154695250722,0.34588080877597,0.365831272270901,0.172389655071473,0.0562856036059318,0.00180225861778936,1,0.0158489319246111,0.00326258255161721,100,0.284400598127386,0.445513420554386,128.805475542573,82.2250298112361,ps03
26bsth,168,26,pig,0,pig,6,7.5,1.2,none,40,48,0,none,,13,2.7,0,bsth,1,0,40,6,1.6431676725155,0,0,0,0,0,0,1,26bsth,21336,FALSE,1,1,6.98673225098879e-06,2.29586853256068,10.3167618119647,0.00417471194303332,0.00417471194303332,0.214932537749266,0.365831272270901,0.0314353223134852,0.0562856036059318,0.00180225861778936,1,0.0158489319246111,0.00413796847829912,100,0.168046096049649,0.308368042497689,143.472014859576,78.1855077920714,ps03
26cs,168,26,pig,0,pig,6,7.5,1.2,none,40,48,0,none,,13,2.7,0,cs,1,0,0,0,1.6431676725155,0,0,0,1,0,0,1,26cs,21840,FALSE,1,1,7.18591108125549e-08,2.78475678917724,2.97795642394767,0.00307009147230763,0.00307009147230763,0.0620407588322431,0.0037626044606321,0.0314353223134852,0.0562856036059318,0.00109314957419841,1,0.0158489319246111,0.00304415795724954,100,0.0452738580044505,0.0764487313027255,123.223398200917,72.9743782258854,ps03
26os,168,26,pig,0,pig,6,7.5,1.2,none,40,48,0,none,,13,2.7,0,os,1,0,0,0,1.6431676725155,0,0,1,0,0,0,1,26os,21672,FALSE,1,1,6.38307532256097e-07,2.45764662334546,5.16626070391185,0.00446865810591124,0.00446865810591124,0.107630431331497,0.0334223279548604,0.0314353223134852,0.0562856036059318,0.00180225861778936,1,0.0158489319246111,0.0044293348718083,100,0.0983532575148583,0.166680922492603,154.864122005823,91.3805289992146,ps03
26ts,168,26,pig,0,pig,6,7.5,1.2,none,40,48,0,none,,13,2.7,0,ts,1,0,40,6,1.6431676725155,1,0,0,0,0,0,1,26ts,21504,FALSE,1,1,2.17171325654007e-05,2.37336064753272,9.46540555810981,0.00431594071099894,0.00431594071099894,0.197195949127288,0.365831272270901,0.0246847954660249,0.0562856036059318,0.00180225861778936,1,0.0158489319246111,0.00427794576311348,100,0.16996935711095,0.290438311994816,147.284116778353,86.1931281363376,ps03
27bc,168,27,tall cereal,0,cat,6,7.5,1.2,none,40,48,20,none,,13,2.7,0,bc,1,0,40,6,1.6431676725155,0,1,0,0,0,0,0,27bc,22008,FALSE,1,1,6.09030369875173e-16,1.36081811572922,24.6981723350496,0.00247431927462927,0.00247431927462927,0.5145452569802,0.613594438864687,0.172389655071473,0.0562856036059318,0.00180225861778936,1,0.0158489319246111,0.00245254617631698,100,0.384842803054019,0.577142989259138,112.16564168647,74.7927996290574,ps03
27bsth,168,27,tall cereal,0,cat,6,7.5,1.2,none,40,48,20,none,,13,2.7,0,bsth,1,0,40,6,1.6431676725155,0,0,0,0,0,0,0,27bsth,22176,FALSE,1,1,1.17185718662912e-05,2.17528618138234,14.1557212801032,0.00395561726051064,0.00395561726051064,0.294910860002151,0.613594438864687,0.0314353223134852,0.0562856036059318,0.00180225861778936,1,0.0158489319246111,0.00392079664363811,100,0.215716973144085,0.353220031812211,119.771795385777,73.1465003162352,ps03
27cs,168,27,tall cereal,0,cat,6,7.5,1.2,none,40,48,20,none,,13,2.7,0,cs,1,0,0,0,1.6431676725155,0,0,0,1,0,0,0,27cs,22680,FALSE,1,1,1.9651205681284e-07,2.7810319726232,3.08322310368028,0.00306598909437028,0.00306598909437028,0.0642338146600059,0.0102895392549555,0.0314353223134852,0.0562856036059318,0.00109314957419841,1,0.0158489319246111,0.00304009009412506,100,0.0466319665942229,0.0956629586095432,148.929281432052,72.5972244386374,ps03
27os,168,27,tall cereal,0,cat,6,7.5,1.2,none,40,48,20,none,,13,2.7,0,os,1,0,0,0,1.6431676725155,0,0,1,0,0,0,0,27os,22512,FALSE,1,1,1.65984805202025e-06,2.43161451581191,5.99504041101635,0.00442135851123826,0.00442135851123826,0.124896675229507,0.0869110626875687,0.0314353223134852,0.0562856036059318,0.00180225861778936,1,0.0158489319246111,0.00438245039412223,100,0.117160842987187,0.191537031619507,153.356389405517,93.806214434367,ps03
27ts,168,27,tall cereal,0,cat,6,7.5,1.2,none,40,48,20,none,,13,2.7,0,ts,1,0,40,6,1.6431676725155,1,0,0,0,0,0,0,27ts,22344,FALSE,1,1,3.64252943371921e-05,2.30526066526818,12.7277748401629,0.00419249473162608,0.00419249473162608,0.265161975836728,0.613594438864687,0.0246847954660249,0.0562856036059318,0.00180225861778936,1,0.0158489319246111,0.00415557505117093,100,0.206076347492481,0.329257438273484,124.172192198561,77.7171564068339,ps03
2bc,168,2,low DM,0,cat,3,7.5,1.2,none,40,48,0,none,,13,2.7,0,bc,1,0,40,3,1.6431676725155,0,1,0,0,0,0,0,2bc,1008,FALSE,1,1,2.49416845436729e-17,1.89568121905252,15.0230579403295,0.00344683872491203,0.00344683872491203,0.312980373756864,0.311246713415997,0.187369294087001,0.0562856036059318,0.00180225861778936,1,0.0158489319246111,0.00341650781361885,100,0.184643053756055,0.449252586222407,143.540178200249,58.9950901839913,ps03
2bsth,168,2,low DM,0,cat,3,7.5,1.2,none,40,48,0,none,,13,2.7,0,bsth,1,0,40,3,1.6431676725155,0,0,0,0,0,0,0,2bsth,1176,FALSE,1,1,3.75664914594668e-06,2.29922850692846,9.73330154241886,0.00418072620061771,0.00418072620061771,0.20277711546706,0.311246713415997,0.0341668654585628,0.0562856036059318,0.00180225861778936,1,0.0158489319246111,0.00414393274380473,100,0.154923219335691,0.250168247143178,123.371045380028,76.4007412665151,ps03
2cs,168,2,low DM,0,cat,3,7.5,1.2,none,40,48,0,none,,13,2.7,0,cs,1,0,0,0,1.6431676725155,0,0,0,1,0,0,0,2cs,1680,FALSE,1,1,3.5604398448875e-08,2.78497767108974,2.96743146212599,0.00307033389967382,0.00307033389967382,0.0618214887942915,0.00294990337660968,0.0341668654585628,0.0562856036059318,0.00109314957419841,1,0.0158489319246111,0.00304439837179453,100,0.0449522981135241,0.074996657154028,121.311632276564,72.7130630307223,ps03
2os,168,2,low DM,0,cat,3,7.5,1.2,none,40,48,0,none,,13,2.7,0,os,1,0,0,0,1.6431676725155,0,0,1,0,0,0,0,2os,1512,FALSE,1,1,3.1831238982196e-07,2.45911120360392,5.07925871347144,0.00447131151938329,0.00447131151938329,0.105817889863988,0.0263728874650363,0.0341668654585628,0.0562856036059318,0.00180225861778936,1,0.0158489319246111,0.00443196523453413,100,0.093337475445413,0.12751513590426,120.504326884764,88.2057613938278,ps03
2ts,168,2,low DM,0,cat,3,7.5,1.2,none,40,48,0,none,,13,2.7,0,ts,1,0,40,3,1.6431676725155,1,0,0,0,0,0,0,2ts,1344,FALSE,1,1,1.28862577644457e-05,2.36594227536785,8.98961364351402,0.00430225477966317,0.00430225477966317,0.187283617573209,0.311246713415997,0.0268297578484827,0.0562856036059318,0.00180225861778936,1,0.0158489319246111,0.00426438559014927,100,0.147227703633826,0.206313652634875,110.161078319746,78.612163488499,ps03
3bc,168,3,high DM,0,cat,10,7.5,1.2,none,40,48,0,none,,13,2.7,0,bc,1,0,40,10,1.6431676725155,0,1,0,0,0,0,0,3bc,1848,FALSE,1,1,1.86601761803613e-14,0.906614117443823,33.05606814452,0.00164845893768728,0.00164845893768728,0.688668086344166,0.894552017013151,0.154262929389123,0.0562856036059318,0.00180225861778936,1,0.0158489319246111,0.00163395310617551,100,0.415953752179329,0.724961943801471,105.27015236759,60.3997426957075,ps03
3bsth,168,3,high DM,0,cat,10,7.5,1.2,none,40,48,0,none,,13,2.7,0,bsth,1,0,40,10,1.6431676725155,0,0,0,0,0,0,0,3bsth,2016,FALSE,1,1,2.97691796525391e-05,2.12654857852691,17.5313620731761,0.00386748749495425,0.00386748749495425,0.365236709857835,0.894552017013151,0.0281299066603443,0.0562856036059318,0.00180225861778936,1,0.0158489319246111,0.00383342790604283,100,0.222171105275921,0.511920865552017,140.161394442327,60.8293469083101,ps03
3cs,168,3,high DM,0,cat,10,7.5,1.2,none,40,48,0,none,,13,2.7,0,cs,1,0,0,0,1.6431676725155,0,0,0,1,0,0,0,3cs,2520,FALSE,1,1,1.75106806544913e-06,2.76258745222918,3.70618121550015,0.00304569959797174,0.00304569959797174,0.077212108656253,0.0526188994173789,0.0281299066603443,0.0562856036059318,0.00109314957419841,1,0.0158489319246111,0.00301997055447144,100,0.0527562403044492,0.169641563070027,219.708496532932,68.3263819918701,ps03
3os,168,3,high DM,0,cat,10,7.5,1.2,none,40,48,0,none,,13,2.7,0,os,1,0,0,0,1.6431676725155,0,0,1,0,0,0,0,3os,2352,FALSE,1,1,1.12177848865443e-05,2.34301707501155,9.50302775116359,0.00426053967101403,0.00426053967101403,0.197979744815908,0.337089977412995,0.0281299066603443,0.0562856036059318,0.00180225861778936,1,0.0158489319246111,0.00422303827030898,100,0.163709905585358,0.317548438482559,160.394407406592,82.6902296179762,ps03
3ts,168,3,high DM,0,cat,10,7.5,1.2,none,40,48,0,none,,13,2.7,0,ts,1,0,40,10,1.6431676725155,1,0,0,0,0,0,0,3ts,2184,FALSE,1,1,8.21307942378239e-05,2.31209556866384,15.5310574470991,0.00420587059682731,0.00420587059682731,0.323563696814564,0.894552017013151,0.0220891958881266,0.0562856036059318,0.00180225861778936,1,0.0158489319246111,0.00416880836697937,100,0.201590568748135,0.448738038431309,138.686151397412,62.3032097644959,ps03
4bc,168,4,low application,0,cat,6,7.5,1.2,none,5,6,0,none,,13,2.7,0,bc,1,0,5,6,1.6431676725155,0,1,0,0,0,0,0,4bc,2688,FALSE,1,1,7.61287962343967e-17,0.170102264466153,3.0872715418812,0.000309289909328658,0.000309289909328658,0.5145452569802,0.613594438864687,0.172389655071473,0.0562856036059318,0.00180225861778936,1,0.0158489319246111,0.000306568272039623,100,0.384842803054019,0.577142989259138,112.16564168647,74.7927996290574,ps03
4bsth,168,4,low application,0,cat,6,7.5,1.2,none,5,6,0,none,,13,2.7,0,bsth,1,0,5,6,1.6431676725155,0,0,0,0,0,0,0,4bsth,2856,FALSE,1,1,1.46482148328639e-06,0.271910772672793,1.7694651600129,0.000494452157563829,0.000494452157563829,0.294910860002151,0.613594438864687,0.0314353223134852,0.0562856036059318,0.00180225861778936,1,0.0158489319246111,0.000490099580454764,100,0.215716973144085,0.353220031812211,119.771795385777,73.1465003162352,ps03
4cs,168,4,low application,0,cat,6,7.5,1.2,none,5,6,0,none,,13,2.7,0,cs,1,0,0,0,1.6431676725155,0,0,0,1,0,0,0,4cs,3360,FALSE,1,1,2.4564007101605e-08,0.3476289965779,0.385402887960036,0.000383248636796285,0.000383248636796285,0.0642338146600059,0.0102895392549555,0.0314353223134852,0.0562856036059318,0.00109314957419841,1,0.0158489319246111,0.000380011261765633,100,0.0466319665942229,0.0956629586095432,148.929281432052,72.5972244386374,ps03
4os,168,4,low application,0,cat,6,7.5,1.2,none,5,6,0,none,,13,2.7,0,os,1,0,0,0,1.6431676725155,0,0,1,0,0,0,0,4os,3192,FALSE,1,1,2.07481006502531e-07,0.303951814476488,0.749380051377044,0.000552669813904783,0.000552669813904783,0.124896675229507,0.0869110626875687,0.0314353223134852,0.0562856036059318,0.00180225861778936,1,0.0158489319246111,0.000547806299265278,100,0.117160842987187,0.191537031619507,153.356389405517,93.806214434367,ps03
4ts,168,4,low application,0,cat,6,7.5,1.2,none,5,6,0,none,,13,2.7,0,ts,1,0,5,6,1.6431676725155,1,0,0,0,0,0,0,4ts,3024,FALSE,1,1,4.55316179214901e-06,0.288157583158523,1.59097185502037,0.000524061841453261,0.000524061841453261,0.265161975836728,0.613594438864687,0.0246847954660249,0.0562856036059318,0.00180225861778936,1,0.0158489319246111,0.000519446881396366,100,0.206076347492481,0.329257438273484,124.172192198561,77.7171564068339,ps03
5bc,168,5,high application,0,cat,6,7.5,1.2,none,100,120,0,none,,13,2.7,0,bc,1,0,100,6,1.6431676725155,0,1,0,0,0,0,0,5bc,3528,FALSE,1,1,1.52257592468794e-15,3.40204528932306,61.7454308376239,0.0061857981865785,0.0061857981865785,0.514545256980199,0.613594438864687,0.172389655071473,0.0562856036059318,0.00180225861778936,1,0.0158489319246111,0.00613136544079246,100,0.384842803054019,0.577142989259138,112.16564168647,74.7927996290574,ps03
5bsth,168,5,high application,0,cat,6,7.5,1.2,none,100,120,0,none,,13,2.7,0,bsth,1,0,100,6,1.6431676725155,0,0,0,0,0,0,0,5bsth,3696,FALSE,1,1,2.92964296657279e-05,5.43821545345586,35.3893032002581,0.0098890431512757,0.0098890431512757,0.294910860002151,0.613594438864687,0.0314353223134852,0.0562856036059318,0.00180225861778936,1,0.0158489319246111,0.00980199160909529,100,0.215716973144085,0.353220031812211,119.771795385777,73.146500316235,ps03
5cs,168,5,high application,0,cat,6,7.5,1.2,none,100,120,0,none,,13,2.7,0,cs,1,0,0,0,1.6431676725155,0,0,0,1,0,0,0,5cs,4200,FALSE,1,1,4.91280142032099e-07,6.952579931558,7.70805775920071,0.0076649727359257,0.0076649727359257,0.0642338146600059,0.0102895392549555,0.0314353223134852,0.0562856036059318,0.00109314957419841,1,0.0158489319246111,0.00760022523531266,100,0.0466319665942229,0.0956629586095432,148.929281432053,72.5972244386374,ps03
5os,168,5,high application,0,cat,6,7.5,1.2,none,100,120,0,none,,13,2.7,0,os,1,0,0,0,1.6431676725155,0,0,1,0,0,0,0,5os,4032,FALSE,1,1,4.14962013005063e-06,6.07903628952977,14.9876010275409,0.0110533962780952,0.0110533962780952,0.124896675229507,0.0869110626875687,0.0314353223134852,0.0562856036059318,0.00180225861778936,1,0.0158489319246111,0.0109561259853056,100,0.117160842987187,0.191537031619507,153.356389405517,93.8062144343671,ps03
5ts,168,5,high application,0,cat,6,7.5,1.2,none,100,120,0,none,,13,2.7,0,ts,1,0,100,6,1.6431676725155,1,0,0,0,0,0,0,5ts,3864,FALSE,1,1,9.10632358429802e-05,5.76315166317045,31.8194371004073,0.0104812368290652,0.0104812368290652,0.265161975836728,0.613594438864687,0.0246847954660249,0.0562856036059318,0.00180225861778936,1,0.0158489319246111,0.0103889376279273,100,0.206076347492481,0.329257438273485,124.172192198561,77.7171564068339,ps03
6bc,168,6,shallow incorp,0,cat,6,7.5,1.2,none,40,48,0,shallow,3,13,2.7,0,bc,1,0,40,6,1.6431676725155,0,1,0,0,1,0,0,6bc,4368,FALSE,1,1,8.52231762622152e-17,1.5558859347865,17.7892748974545,0.00457734419151734,0.00457734419151734,0.370609893696969,0.613594438864687,0.172389655071473,0.0562856036059318,0.00291443940598306,1,0.0158489319246111,0.00453453527955659,100,0.217770956581758,0.394848355169128,106.540154994345,58.7601573205218,ps03
6bsth,168,6,shallow incorp,0,cat,6,7.5,1.2,none,40,48,0,shallow,3,13,2.7,0,bsth,1,0,40,6,1.6431676725155,0,0,0,0,1,0,0,6bsth,4536,FALSE,1,1,1.63980971245664e-06,1.98569217412703,10.1116537667289,0.00584186793190256,0.00584186793190256,0.210659453473519,0.613594438864687,0.0314353223134852,0.0562856036059318,0.00291443940598306,1,0.0158489319246111,0.00578723106837484,100,0.15844795210409,0.234350187184338,111.245986505798,75.2152108492997,ps03
6cs,168,6,shallow incorp,0,cat,6,7.5,1.2,none,40,48,0,shallow,3,13,2.7,0,cs,1,0,0,0,1.6431676725155,0,0,0,1,1,0,0,6cs,5040,FALSE,1,1,2.74984343701015e-08,2.49176596600324,4.53607115743016,0.00444381401301452,0.00444381401301452,0.0945014824464617,0.0102895392549555,0.0314353223134852,0.0562856036059318,0.00176773641930772,1,0.0158489319246111,0.00440478631091757,100,0.0694399407417001,0.105333645815101,111.462426925182,73.4802660699425,ps03
6os,168,6,shallow incorp,0,cat,6,7.5,1.2,none,40,48,0,shallow,3,13,2.7,0,os,1,0,0,0,1.6431676725155,0,0,1,0,1,0,0,6os,4872,FALSE,1,1,2.32266780283567e-07,2.04874152510707,7.44421925978207,0.00602731006994262,0.00602731006994262,0.15508790124546,0.0869110626875687,0.0314353223134852,0.0562856036059318,0.00291443940598306,1,0.0158489319246111,0.00597094033482698,100,0.124013290328112,0.185913247272035,119.87604821461,79.9632268746966,ps03
6ts,168,6,shallow incorp,0,cat,6,7.5,1.2,none,40,48,0,shallow,3,13,2.7,0,ts,1,0,40,6,1.6431676725155,1,0,0,0,1,0,0,6ts,4704,FALSE,1,1,5.09708453510758e-06,2.02094177677503,9.55250280493737,0.00594564751184556,0.00594564751184556,0.199010475102862,0.613594438864687,0.0246847954660249,0.0562856036059318,0.00291443940598306,1,0.0158489319246111,0.00589003817191979,100,0.142432256049959,0.224191696059507,112.653213828885,71.5702306505929,ps03
7bc,168,7,deep incorp,0,cat,6,7.5,1.2,none,40,48,0,deep,3,13,2.7,0,bc,1,0,40,6,1.6431676725155,0,1,0,0,0,1,0,7bc,5208,FALSE,1,1,2.36158564481838e-26,2.62777356598792,11.1305482275449,6.65555965895237e-09,6.65555965895237e-09,0.231886421407186,0.613594438864687,0.172389655071473,0.0562856036059318,2.51275754608574e-09,1,0.0158489319246111,6.60295785734079e-09,100,0.0787605892943564,0.266751880471727,115.035575974204,33.9651579494838,ps03
7bsth,168,7,deep incorp,0,cat,6,7.5,1.2,none,40,48,0,deep,3,13,2.7,0,bsth,1,0,40,6,1.6431676725155,0,0,0,0,0,1,0,7bsth,5376,FALSE,1,1,4.54401167266549e-16,3.25444966037201,2.5519316305674,8.24279000610773e-09,8.24279000610773e-09,0.0531652423034876,0.613594438864687,0.0314353223134852,0.0562856036059318,2.51275754608574e-09,1,0.0158489319246111,8.1776429567402e-09,100,0.0179990126401964,0.0787950308825277,148.207790407002,33.8548492593171,ps03
7cs,168,7,deep incorp,0,cat,6,7.5,1.2,none,40,48,0,deep,3,13,2.7,0,cs,1,0,0,0,1.6431676725155,0,0,0,1,0,1,0,7cs,5880,FALSE,1,1,7.61998211186173e-18,3.33641736908596,0.192981089361282,5.1255389377225e-09,5.1255389377225e-09,0.00402043936169338,0.0102895392549555,0.0314353223134852,0.0562856036059318,1.52409860297225e-09,1,0.0158489319246111,5.08502905139581e-09,100,0.00259396432240324,0.0124038883792748,308.520717846379,64.5194240987303,ps03
7os,168,7,deep incorp,0,cat,6,7.5,1.2,none,40,48,0,deep,3,13,2.7,0,os,1,0,0,0,1.6431676725155,0,0,1,0,0,1,0,7os,5712,FALSE,1,1,6.43625265031394e-17,3.31987330763206,0.578437833617765,8.40849356809059e-09,8.40849356809059e-09,0.0120507882003701,0.0869110626875687,0.0314353223134852,0.0562856036059318,2.51275754608574e-09,1,0.0158489319246111,8.34203670782435e-09,100,0.00725440876519731,0.0277460074467677,230.242262874685,60.1986247254309,ps03
7ts,168,7,deep incorp,0,cat,6,7.5,1.2,none,40,48,0,deep,3,13,2.7,0,ts,1,0,40,6,1.6431676725155,1,0,0,0,0,1,0,7ts,5544,FALSE,1,1,1.41243288462984e-15,3.29139424637214,2.0462696520122,8.33636226715839e-09,8.33636226715839e-09,0.0426306177502541,0.613594438864687,0.0246847954660249,0.0562856036059318,2.51275754608574e-09,1,0.0158489319246111,8.27047576458041e-09,100,0.0167697328725317,0.0631670602768196,148.172988359858,39.3372973640096,ps03
8bc,168,8,deep incorp quick,0,cat,6,7.5,1.2,none,40,48,0,deep,0.167,13,2.7,0,bc,1,0,40,6,1.6431676725155,0,1,0,0,0,1,0,8bc,6048,FALSE,1,1,2.36158564481838e-26,3.29556113480547,0.837547098860804,8.34691626927508e-09,8.34691626927508e-09,0.0174488978929334,0.613594438864687,0.172389655071473,0.0562856036059318,2.51275754608574e-09,1,0.0158489319246111,8.28094611006934e-09,100,0.00493365733969724,0.0212155314078938,121.586655719304,28.2748937495663,ps03
8bsth,168,8,deep incorp quick,0,cat,6,7.5,1.2,none,40,48,0,deep,0.167,13,2.7,0,bsth,1,0,40,6,1.6431676725155,0,0,0,0,0,1,0,8bsth,6216,FALSE,1,1,4.54401167266549e-16,3.34301745910574,0.159112526961231,8.46711248336796e-09,8.46711248336796e-09,0.00331484431169231,0.613594438864687,0.0314353223134852,0.0562856036059318,2.51275754608574e-09,1,0.0158489319246111,8.40019236134857e-09,100,0.00104042521799922,0.00512106715118401,154.488919226785,31.3868501856744,ps03
8cs,168,8,deep incorp quick,0,cat,6,7.5,1.2,none,40,48,0,deep,0.167,13,2.7,0,cs,1,0,0,0,1.6431676725155,0,0,0,1,0,1,0,8cs,6720,FALSE,1,1,7.61998211186173e-18,3.34803255935819,0.01123888385585,5.14338264860637e-09,5.14338264860637e-09,0.000234143413663542,0.0102895392549555,0.0314353223134852,0.0562856036059318,1.52409860297225e-09,1,0.0158489319246111,5.10273174666297e-09,100,0.000149475702588845,0.000760781825772405,324.921300953452,63.8393795708632,ps03
8os,168,8,deep incorp quick,0,cat,6,7.5,1.2,none,40,48,0,deep,0.167,13,2.7,0,os,1,0,0,0,1.6431676725155,0,0,1,0,0,1,0,8os,6552,FALSE,1,1,6.43625265031394e-17,3.34705257414575,0.0349255067485874,8.47733250958216e-09,8.47733250958216e-09,0.000727614723928904,0.0869110626875687,0.0314353223134852,0.0562856036059318,2.51275754608574e-09,1,0.0158489319246111,8.41033161485369e-09,100,0.000413527278768357,0.00171083191501585,235.128820068107,56.833275244271,ps03
8ts,168,8,deep incorp quick,0,cat,6,7.5,1.2,none,40,48,0,deep,0.167,13,2.7,0,ts,1,0,40,6,1.6431676725155,1,0,0,0,0,1,0,8ts,6384,FALSE,1,1,1.41243288462984e-15,3.34531832465019,0.126219404441677,8.47294007177979e-09,8.47294007177979e-09,0.00262957092586828,0.613594438864687,0.0246847954660249,0.0562856036059318,2.51275754608574e-09,1,0.0158489319246111,8.4059738991893e-09,100,0.000958875976659289,0.0041385454786065,157.384820386237,36.4651117498446,ps03
9bc,168,9,cold,0,cat,6,7.5,1.2,none,40,48,0,none,,0,2.7,0,bc,1,0,40,6,1.6431676725155,0,1,0,0,0,0,0,9bc,6888,FALSE,1,1,9.10535291106109e-08,1.81911303379254,18.3985616539525,0.0033076237851688,0.0033076237851688,0.383303367790677,0.613594438864687,0.0603489094309446,0.0562856036059318,0.00180225861778936,1,0.0158489319246111,0.00327851763686675,100,0.217980940803342,0.428706244488939,111.845154651252,56.8690387615855,ps03
9bsth,168,9,cold,0,cat,6,7.5,1.2,none,40,48,0,none,,0,2.7,0,bsth,1,0,40,6,1.6431676725155,0,0,0,0,0,0,0,9bsth,7056,FALSE,1,1,0.000362682668067709,2.67675499376933,8.95246392777991,0.00487114246868536,0.00487114246868536,0.186509665162081,0.613594438864687,0.0110046476886478,0.0562856036059318,0.00180225861778936,1,0.0158489319246111,0.00482819595021635,100,0.132189434952923,0.228105021547295,122.301984376556,70.8753805536283,ps03
9cs,168,9,cold,0,cat,6,7.5,1.2,none,40,48,0,none,,0,2.7,0,cs,1,0,0,0,1.6431676725155,0,0,0,1,0,0,0,9cs,7560,FALSE,1,1,6.08192857334167e-06,2.79027893189744,2.99261432578971,0.00307624610753932,0.00307624610753932,0.0623461317872857,0.0102895392549555,0.0110046476886478,0.0562856036059318,0.00109314957419841,1,0.0158489319246111,0.0030502591557797,100,0.0452326238301411,0.0756586620762075,121.352616284747,72.5508103445247,ps03
9os,168,9,cold,0,cat,6,7.5,1.2,none,40,48,0,none,,0,2.7,0,os,1,0,0,0,1.6431676725155,0,0,1,0,0,0,0,9os,7392,FALSE,1,1,5.13712871297365e-05,2.50264382218871,5.25803792650222,0.00455103580901017,0.00455103580901017,0.10954245680213,0.0869110626875687,0.0110046476886478,0.0562856036059318,0.00180225861778936,1,0.0158489319246111,0.00451097671871309,100,0.0956451514946534,0.135086959249242,123.31927107793,87.3133160299852,ps03
9ts,168,9,cold,0,cat,6,7.5,1.2,none,40,48,0,none,,0,2.7,0,ts,1,0,40,6,1.6431676725155,1,0,0,0,0,0,0,9ts,7224,FALSE,1,1,0.000539445450962748,2.76256307224726,8.13854727160498,0.00502784226750386,0.00502784226750386,0.169553068158437,0.613594438864687,0.0086414726294504,0.0562856036059318,0.00180225861778936,1,0.0158489319246111,0.00498351470724386,100,0.122404755786272,0.209864615320913,123.775180007245,72.1925926294014,ps03
