iteration,int.f0,app.mthd.os.f0,app.rate.ni.f0,man.dm.f0,man.source.pig.f0,int.r1,app.mthd.bc.r1,man.dm.r1,air.temp.r1,wind.sqrt.r1,app.mthd.ts.r1,man.ph.r1,int.r2,rain.rate.r2,int.r3,app.mthd.bc.r3,man.ph.r3,incorp.shallow.f4,incorp.shallow.r3,incorp.deep.f4,incorp.deep.r3,rain.rate.r5,int.r5,app.mthd.cs.f0,app.mthd.cs.r3
1,-0.217380439363264,-2.17014757257821,0.0254071107318291,-0.0256904458671693,-1.30307850645623,-1.73375051333045,0.400997017496291,0.21015907128858,0.053342925167079,0.610507548024121,-0.148923183707849,0.793270154410519,-1.22503707175005,0.663366633920003,-2.67300614910966,0.829798907555659,-0.180104972518962,0.567623606322517,-2.15362335204984,-26.4139765686437,-8.60974743944404,-0.149871428832358,-1.8,-5.00056874123541,-0.232252569343246
2,0.067139871706949,-2.20245446091608,-0.0175031083845861,0.643881907272554,-0.439772777099546,-1.49283620124156,0.422290829967719,-0.247922504608131,0.0949195486499204,0.831315058309709,0.0509498032634411,0.725084489621996,-1.68290528885121,1.13954591990552,-2.7216664457197,0.368004254630806,0.0661083642189502,2.36376830573211,-1.29932360106089,-22.7338638076045,-8.68108738489783,-0.275239774315873,-1.8,-3.03754285740591,-0.232718212842965
3,0.521507291328251,-1.67650775594425,-0.0211454207149846,0.626177177650213,-0.803230328604209,-1.40840262297893,0.333965856557533,-0.199166430465164,0.0505524852390002,0.605505699101775,-0.126945425826702,0.250161033569524,-1.48567724277131,1.06668574709748,-2.79413599697881,0.537446984860301,0.331394144698053,-2.33150905819172,-0.232830440254524,-24.3494206748353,-3.07496066760593,-0.629376433211776,-1.8,-5.00056874123541,-0.232252569343246
4,0.0995471109797045,-2.42789170430385,0.000449838035726898,0.336226182102436,-1.21874211455817,-1.18504554744,0.335409140901734,-0.00724207993192289,0.0351524817691312,0.463893398653768,-0.0951130438120812,0.578483991872443,-1.06906567932055,0.00973871922522354,-2.71466728646309,0.705731844044661,-0.0216357957701523,-0.954767504205357,-0.536183595900814,-23.8082629763263,-3.94756794850272,1.05229883921787,-1.8,-6.85842868202095,-0.177352874894535
5,0.51919634718484,-2.27237183544611,-0.0329519429461736,0.722691837759609,-0.0306361462965599,-1.3605273526181,-0.477980278969406,-0.253078320855467,0.103299346935179,0.895248860405616,-0.294657125033975,0.693301050317964,-1.90947586933604,1.29179545689784,-2.71979538322021,0.580674412062776,0.122183807288734,-3.36041959124697,-0.547564971788698,-23.4959140708609,-2.72923318065553,-0.825094287832019,-1.8,-5.00056874123541,-0.232252569343246
6,0.792284297327011,-2.10313270876462,0.00117928168868332,0.589706388910942,-0.792171003230956,-1.5288465695437,0.330003186450305,-0.0849957948050607,0.0336934843411964,0.641807949872694,-1.44397836534239,0.308250705954977,-1.38716809785983,0.961855801900636,-2.76405103467656,-1.35088976642281,0.366673400046252,-2.69931563177903,0.350677308407321,-25.9327352409202,-5.88670230504895,1.42136759095439,-1.8,-5.01121917820273,-0.278786209818569
7,-0.186887559002639,-3.13632464582457,0.00567025503194089,0.582201570833314,-0.956641632696678,-1.4404777166342,0.704071182639258,-0.0709166533078189,0.0343944585402377,0.410808889167521,-0.11114052470582,0.529675205566314,-1.4445067516283,0.533981525390694,-2.66119555212867,0.235273061454005,0.0205574996237107,-2.32067267524637,-0.0106281819379831,-23.8480909140722,-1.69088446967526,1.2366582545187,-1.8,-11.1474557958038,-0.353195179496222
8,0.382896318548546,-3.0130803071773,0.0131143048927956,0.457004883945258,-1.09913048579185,-1.54515855676989,0.694053132120437,-0.0050469030758715,0.030508430467177,0.495077196979494,-0.129793001415883,0.441643440936714,-1.28463328384086,0.483026808955148,-2.68109619119664,-0.229089700080128,0.0364645583021997,-2.93096047861099,0.515429240356957,-19.3650541564405,-4.88823293629676,1.2624093247783,-1.8,-9.61968155118178,-0.284282505918684
9,0.475623478524187,-3.48236765758696,-0.00807093747708799,0.480890914972598,-1.06358317335604,-1.41701863141652,0.611389397566788,-0.0341050609948459,0.0328218402393366,0.464707900294689,-0.175595238182317,0.522072313147145,-1.37661436140065,0.385392558691843,-2.70058550153142,0.118502481396666,-0.0307422129899159,-2.63119995434528,0.103469041167745,-26.8091217963367,-0.843784593870517,1.82471186857626,-1.8,-5.00056874123541,-0.232252569343246
10,0.771982081250155,-1.70092410760077,-0.0493794870009687,1.52460097922131,1.36215234560201,-1.16966970114966,-0.343508798873638,-0.15658249397829,0.0376555175414097,-0.319742570724891,-0.210769219639331,0.524942767924918,-1.38475133490885,-0.737076234179905,-2.58488270961933,0.499678511057224,0.034220598091673,-10.2036598400542,-0.083375946052787,-19.4798666751567,-4.14688110421607,0.373016282191538,-1.8,-5.00056874123541,-0.232252569343246
11,1.51257113686863,-2.25842080082117,-0.0387571385275956,0.772503067398419,-1.37781840048412,-1.83419165478208,0.299079619810868,-0.149338822824516,0.0575827727297486,0.817901156180893,0.104883692668763,0.544658365840579,-1.59572975949273,1.3538471092362,-2.66972501895721,0.493205019796535,0.183785663614865,-3.26091744112457,-0.217929350268426,-23.9732156020157,-5.85566623816922,-0.368077929127538,-1.8,-5.00056874123541,-0.232252569343246
12,1.72915359421586,-4.42818387289038,-0.00808764986862394,0.532896486836498,-1.35069163197093,-1.53746129984807,0.661430897877768,0.00249996025362467,0.0319595646261639,0.511247481844449,-0.238703093925723,0.091475236402372,-1.01681938601795,3.77312306470323,-2.67683545103959,-0.31432497313888,0.0176002602597132,-2.20902513374612,0.537846244369315,-24.1009721204413,-0.969034698212866,0.453147269531848,-1.8,-5.00056874123541,-0.232252569343246
13,0.0324441344156178,-3.12069501118182,-0.00280807178390485,0.680290387859755,-1.48838680925512,-1.35202037817466,0.651860496826603,-0.0698325051335581,0.0332100067954394,0.488167541138371,0.0459060029995734,0.512567101498296,-1.07629986822518,-0.281882814007361,-2.67445798932819,0.60194235652464,-0.0147530521886547,-0.985164016567296,-0.434089052051626,-20.1920950916819,-1.51353831633995,0.28152285864884,-1.8,-5.00056874123541,-0.232252569343246
14,0.574823712103958,-2.90126083355227,-0.0149565647401458,0.456197312555622,-0.5806479425759,-1.55794280096942,0.689446780155119,-0.0584944619124777,0.0372858586449099,0.628239378276574,-0.158971704289493,0.228217117803406,-1.30744674354729,0.815882505311595,-2.75999862467543,0.303090591651148,0.125642253002659,-2.37448389512366,0.0919975388849759,-21.6193222535159,-5.58533494668143,-0.623961137880823,-1.8,-4.61836148692016,-0.242164384901221
15,1.31026432675929,-3.2192353074047,-0.0101539240986086,0.242516755824006,-1.00976792312597,-1.35413295637818,0.54332841499371,0.0141953014317925,0.0311682807203289,0.517523637929493,-0.36057912662416,0.134253252362376,-1.09413278127629,0.823763070180218,-2.84697602814801,-0.176669835622849,0.255675227946956,-2.41478376980504,0.55261152875401,-21.3158067280796,-5.91956321923013,1.35354772981267,-1.8,-2.73419051230366,-0.307634716181927
16,0.0992614534161025,-2.32668468080025,0.00179134157545296,0.13570907631836,-1.05423146722127,-1.45976280375848,0.610386565786689,0.0707678643470841,0.0444529982858821,0.593517513436037,-0.278318341075487,0.53853870742535,-1.32215668781465,0.5889975434482,-2.7655590815486,0.74749718612905,-0.0646683910769414,-1.863374403133,-0.417487744877326,-22.5352646074858,-4.09201382798939,1.25265488051498,-1.8,-3.66233539452679,-0.182116096207291
17,0.0869341863325495,-1.82283891682065,-0.00535138012205298,0.565494801994474,0.247211223053652,-1.30201510836562,0.257861923711156,-0.0954634249256085,0.0603231953384401,0.481498190065133,-0.167390223076877,0.557645391886794,-1.41926686094436,0.448041474402027,-2.81079378612912,0.329134727381027,0.11975667921127,-5.81150072405675,-0.375741120785959,-22.7536779972654,-8.04414384936685,1.333347029124,-1.8,-6.24221199332388,-0.188554375268159
18,0.870392851044468,-3.03695653338089,-0.00764615976434822,0.280168606480153,-0.892749441793731,-1.50223339744507,0.565207970008078,0.0114058050433364,0.0355003693599142,0.604637974854137,-0.362577305889379,0.285480004996067,-1.34344637794879,0.862563302467314,-2.79333123965799,-0.341453282925775,0.185578724389092,-1.87489796577497,0.407362259665585,-22.09903130707,-2.56158267081231,1.3134448440462,-1.8,-7.33686837226066,-0.235287627660113
19,0.397147689286709,-3.05841441670045,-0.0071036253024076,0.378866170861887,-0.759096576329832,-1.46085110935401,0.656360835428717,-0.0294453670351955,0.039314398410838,0.505058258999194,-0.181274721884103,0.534432500185578,-1.36873143630889,0.524690832366702,-2.70712470847239,0.289687739692006,0.0204229317567589,-2.0234938506752,-0.067625958812214,-26.0034415169432,-4.49222998897298,1.37828999674837,-1.8,-4.71767000668373,-0.257313840513378
20,0.863344011899906,-2.37765417627939,-0.0326271246062418,0.412504366311052,-1.50330425454111,-1.67144353102492,4.66699251216395,-0.141246878896257,0.0551608341194507,0.891137287611125,-0.247020186264275,0.161189815729812,-1.91510854911035,2.91072264764448,-2.73294274664789,0.139922564774462,0.278583820797395,0.68237376623837,-1.92351486010946,-25.7096335889585,-0.383639403618428,-0.620970811880664,-1.8,-5.00056874123541,-0.232252569343246
21,0.205831563784541,-3.38832695860202,-0.0162359648708411,0.535410407702013,-1.2085713191476,-1.54240015197315,0.719020127021417,-0.0694261359338366,0.0504728328796267,0.792219033310169,-0.156816449735728,0.659836538679338,-1.50010672901191,1.3282831177241,-2.64955725476053,0.455113237555352,0.0311328582167843,-2.25014434926883,-0.116306356391123,-27.3506378172921,-5.94451055645236,-0.189441193961304,-1.8,-2.36665798544412,-0.342115745291218
22,1.0853428567403,-2.37435139403196,0.0210341693057232,0.0565963476634829,-1.00554619236762,-1.48072048940434,0.393243422466204,0.0763650049958531,0.0301542736394176,0.552831534009214,-0.270399098935881,0.27695059157029,-1.0618480942692,0.808116820119239,-2.91271034216632,0.563972968474987,0.0737421037166255,-1.29017630355618,-0.156665012074019,-23.3964273095242,-2.20132098349927,-13.416698391941,-1.8,-7.25132415221102,-0.0583166154899273
23,-0.667331391553339,-1.77473569341635,0.0161799485037455,0.537823719344316,-0.735349115165167,-1.29142991626284,0.712961385840363,-0.0940416155550387,0.0325081655480606,0.544972130898624,0.103950383137749,0.495784335202908,-1.07872384923693,-0.0566403302794898,-2.78786304412053,0.695309937350411,-0.138090943365665,-0.535519028178547,-0.761373461053288,-10.2103730478644,-0.935523523509777,-20.2678260341255,-1.8,-5.00056874123541,-0.232252569343246
24,0.0417352761515508,-18.1566074065958,0.0114874084980845,0.589567815782332,-1.06243097249714,-1.90202746519674,0.200926600349759,-0.0406698024956313,0.0225207982372702,0.0654592669899204,0.110149633679465,0.213966589154734,-1.99054036104518,1.44327913434175,-2.73714084737174,0.167079243479406,0.0941842008394968,-2.21898737932865,-3.46642550112517,-2.25415400610217,-9.59068928174533,-0.703520463494321,-1.8,-5.00056874123541,-0.232252569343246
25,0.546274296855834,-2.6844808499388,-0.0122637991950816,0.304331755207739,-0.895784507013813,-1.35240546803633,0.604901960557287,-0.0095754379319812,0.0370050234399403,0.554886716330089,-0.23514593384643,0.534729797276393,-1.31363037724925,0.716378537095325,-2.79916463732972,0.39913496468581,0.00123835091456673,-1.71913011599958,-0.132896413730951,-25.8698313406682,-4.24391167728664,0.0854667231955148,-1.8,-3.92283236047617,-0.172142104047197
26,0.489652297737511,-1.88694059694296,-0.00404487264746892,0.572918894603981,0.467569058368791,-1.52739486626383,0.326993159006054,-0.0998193325805275,0.0566122397766479,0.778120609120662,-0.100592386311449,0.387193824390971,-1.50207855659856,1.01416840488173,-2.93801277205798,0.269778531361596,0.427814660725854,1.15394972436878,-3.79665002734825,-21.8880039253548,-8.3473408135946,1.36725411289049,-1.8,-5.37037665161878,-0.202176692304812
27,0.632958185901208,-3.14789526437133,0.000593198032205142,0.331834814736689,-1.27135224352191,-1.58809479986637,0.725381961879727,0.0259852419168711,0.0355741144401939,0.488580686192175,-0.208321213078557,0.452826539247128,-1.37715709781992,0.141056126605081,-2.70638673614313,0.0262069419633432,0.0102903882854898,-2.86858948734413,0.308455831609802,-19.1829432038139,-11.632680841972,1.27287537759687,-1.8,-12.0588983409244,-0.230944918732139
28,0.983476410129854,-2.95672701946132,-0.0129703105818054,0.736412796909305,-0.18108257953713,-1.29195485177144,0.0820251866800642,-0.0856774123076307,0.0347238865694943,-0.00599349433238675,0.10257402423833,0.467344023415789,-1.08468621233007,0.00439552823422979,-2.69591449159385,0.405909421756699,0.0459967301729384,-0.621652751411216,-0.546486006537847,-24.3789070510068,-1.34430431259541,1.40072492179018,-1.8,-8.33132127761744,-0.236042496193443
29,0.310284009303131,-3.37708496257645,-0.0102053641137846,0.534838962384242,-1.00178953517444,-1.42495882082434,0.62397288777887,-0.0627721952493743,0.038997636796049,0.49769117874487,-0.0886771201516926,0.605043216325345,-1.3299224861435,0.578591291234963,-2.68605841303217,0.396563897967728,0.00719628378609927,-1.49708628876303,-0.226183244053061,-22.2091899105349,-4.21833012145127,0.489168303214174,-1.8,-10.6644396167428,-0.289943281576015
30,0.823563516205694,-3.03517521994564,-0.00598738431678006,0.384327369501237,-1.00085901307048,-1.39767105523336,0.576575257259276,-0.0125084627560931,0.0294888147681504,0.552158071821426,-0.176912665980593,0.413982482211895,-1.18854975119641,0.1560824925196,-2.74209701917351,0.0857316871077356,0.067152502939373,-1.77673805135734,0.138179810058652,-22.5449966151439,-5.19599743919253,1.24795115974123,-1.8,-7.84469326905156,-0.230909593201995
31,0.697330370250745,-1.07707839372121,0.0178448815680654,-0.298471811694589,-0.37194929877253,-1.98305030986842,0.639044607915606,0.201826521927718,0.0382630814258012,0.512265177946642,0.190585441754218,0.686823996125369,-1.20314151734451,-3.14546138317677,-3.00392752336303,0.994643243572259,-0.526823396126006,-0.878157525831332,-0.690287435336466,-17.9490760524088,-1.33706827958722,-17.0695168454541,-1.8,-5.00056874123541,-0.232252569343246
32,0.67788953294802,-2.91320723490668,-0.0174518760783093,0.398643660339008,-0.560622620956654,-1.45479487493965,0.62391410873442,-0.0760183921835333,0.0358165369809802,0.553172348699796,-0.172168793839054,0.310899524185553,-1.32618746687847,0.758383082745798,-2.78718949120119,0.460219741636002,0.135443082478588,-1.59684423489575,-0.167761222510897,-24.4519782631368,-4.74817656781098,0.164610904935563,-1.8,-4.5383198929471,-0.186640301100513
33,1.3357972759757,-2.89896338193703,-0.00638031441024475,0.131601111977083,-1.08421828443416,-1.59958978864779,0.781886232427862,0.0473087956651921,0.0339640132285595,0.467917298487751,-0.200665552012626,0.106779594663543,-1.11871254737226,0.714065490580085,-2.79500565288627,-0.473315290921956,0.125317774082074,-1.68144025446217,0.683411573296177,-21.4092338258056,-5.69730318115528,1.19933203696239,-1.8,-5.30605444990785,-0.174872448458796
34,0.388482086988258,-3.57918365562116,-0.00561008968981405,0.614188940463631,-1.44472102591869,-1.21450675123389,0.487045136243905,-0.0472128224348551,0.0334919188619308,0.536031173889625,-0.241627801308122,0.486530494031341,-1.14828164464357,0.290391889380731,-2.68313658316141,0.284018844523619,0.0469276650647541,-2.45775728141172,0.0632431008310261,-26.6569422102346,-7.60696946665321,0.402975178701242,-1.8,-5.00056874123541,-0.232252569343246
35,1.24951896213618,-2.62158366411731,0.0173211459090893,0.724568232973361,-0.316566344406348,-1.48108872159097,0.185374301514533,0.0584013920936749,0.0241395421364473,0.025136204043118,0.0352978675553165,0.345349018234569,-1.11989232621833,0.32764122869716,-2.79832629012858,0.124070897219686,0.110310184910663,-1.59551543230075,0.489958987279861,-23.9732156020157,-5.85566623816922,-0.370675680390716,-1.8,-5.63227916524691,-0.198445042796527
36,-0.643735246195289,-2.25522385944807,0.0174728655714476,0.22285910100733,-1.40693989583939,-1.44823302672013,0.491846876410303,0.0924017838631441,0.0488294468261602,0.43598865092219,-0.22696544884623,0.755941130716629,-1.51676991278802,0.351329755408714,-2.65726568370093,0.584807451388895,-0.00701649961187198,-1.12642469707115,-0.332671917966079,-27.381670018462,-7.0418498063356,1.36865202355251,-1.8,-1.08672951126497,-0.308643599309442
37,2.14016837170438,-6.56993575090047,-0.0588539562106811,1.4996935770395,-0.851936674680718,-3.81140398943781,1.43424122379124,-0.625529675122128,0.162913878044559,2.75827158593076,1.96510558270045,1.92620515782597,-1.61574849127289,7.63569561472289,-2.46415971602747,0.391017183574944,-0.00068639469946383,0.0402556432968866,-0.65172366719814,-23.9732156020157,-5.85566623816922,-0.0449348568873006,-1.8,-5.00056874123541,-0.232252569343246
38,0.802498507727842,-2.93753574777672,-0.0184255569495318,0.411584112997562,-0.664183798996396,-1.46219601937654,0.719137970833292,-0.0585343337325753,0.0342230682734494,0.539080522313493,-0.183261881591987,0.263105157459904,-1.26999486233378,0.743556543306261,-2.79795241397426,0.116221455146159,0.12372185109137,-1.68077131115984,0.0850561532711672,-22.2353646721099,-5.71319076425323,-0.410906990075888,-1.8,-4.19912558354306,-0.176627535192393
39,5.64899773946654,-4.32897835720918,-0.0717503063618175,1.33445466747282,-0.352726623827742,-1.62811884826935,-0.162891131491349,0.0691570217879684,0.0331429102230304,-0.0431522959094981,-0.0161768929190263,0.39159618613332,-1.19740403410618,-0.0161113611202562,-2.68925815582419,0.550298857917855,0.109225505089713,-9.48716221645686,-0.435009391416876,-14.2742528309635,-7.54172365510312,1.59229023905855,-1.8,-5.00056874123541,-0.232252569343246
40,0.711240389035714,-2.5472936639411,-0.0189889634181056,0.752116217441639,0.174966780282796,-1.4327621450716,0.109864394521737,-0.173993474286684,0.0547326066527149,0.440420305529533,0.00998350338532839,0.544934336071601,-1.42751799039947,0.692721836481408,-2.78335924127238,0.524730600899262,0.100167017623667,-1.77796307577814,-0.167305684232872,-23.9732156020157,-5.85566623816922,-0.290068571683165,-1.8,-5.67123847038934,-0.177789287667505
41,0.949543670508307,-3.35867974550905,-0.0145098257226013,0.494758960096407,-0.965968329667909,-1.53030289247231,0.694221900149458,-0.0422845851531508,0.0338188960096137,0.580966476919088,-0.179060452176996,0.294069467269719,-1.22077928882706,1.60176552716004,-2.73039627694704,0.0249776492018224,0.0591052233043102,-2.27100894859381,0.201315026726235,-26.2397982372372,-0.555640611818703,-0.762883992599117,-1.8,-6.08256861365181,-0.207099387045034
42,0.747136374009677,-2.02999521031317,-0.00824536537902727,0.811105960434171,-0.495083327843136,-1.27752884895947,0.0668505194977489,-0.0729259287347496,0.0428636567252601,0.311861094562198,-0.231376807392225,0.539315861773649,-1.25097262428216,0.619746747292215,-2.72914032189999,0.250299238611506,0.139357297081714,-1.77572473622235,-0.0133767283730125,-23.9732156020157,-5.85566623816922,0.130263200202276,-1.8,-5.00056874123541,-0.232252569343246
43,1.28771011308482,-3.41526026219022,-0.0282585092542439,0.453983777047837,-0.943838106338036,-1.47113834099134,0.735819308430692,-0.059551884395322,0.0330093189857527,0.609915589987494,-0.186488841602263,0.165678051533866,-1.16605241040879,1.66420980897557,-2.73626405510223,0.156725003506018,0.13157554376129,-2.08236535265323,0.0835779714724108,-25.2536427537214,-1.49251863179436,-0.819070555135436,-1.8,-5.89053241333363,-0.249738069998049
44,0.481041596499899,-3.02802030223954,-0.00965045410836091,0.416339517410902,-0.998602671205034,-1.58104228531051,0.736079699589922,-0.0338037572601405,0.0370727313104816,0.524520608221019,-0.111678119616456,0.578127121977083,-1.48725573307215,0.722525219662547,-2.72836517987342,0.20295635583166,-0.0135872805938317,-2.28049837436141,0.0168749178990037,-25.6035674742398,-7.12472697184323,0.361430910149858,-1.8,-3.91336426498704,-0.243207485285193
45,1.00782710740727,-3.4310122859079,-0.0176230907679208,0.507748883916388,-1.13076167397967,-1.52987854035761,0.659713264908427,-0.0316565174136123,0.0321126942230446,0.564997756608773,-0.100162452014834,0.456763070468466,-1.26082269218412,0.667175395593008,-2.72727996053449,0.189619754509106,0.059543977424036,-1.66032381998742,0.0295159143612475,-22.4492741974737,-9.11154130730573,0.0392437563306624,-1.8,-5.00056874123541,-0.232252569343246
46,0.309986265977291,-2.21546250571946,-0.0223627184416955,0.505797941891377,-0.642953949714861,-1.35977789965333,0.288951788305742,-0.127155850341083,0.0739822290484743,0.786426201675114,-0.193736077265702,0.599272713863827,-1.7066799635369,1.12709799172281,-2.76217477288379,0.105033723261061,0.179949389177994,-0.401634919832171,0.0258037654903633,-22.5248729530038,-1.48944258792157,-0.077732094525957,-1.8,-18.6647874663849,-0.270265123885707
47,1.02127690851423,-2.41603727963563,-0.00778140902408411,0.139019257624847,-0.94442055387894,-1.58552222300067,0.705866051670887,0.0448735837466797,0.0349322838116758,0.522614811309596,-0.0565501608311401,0.148575793114839,-0.984561766117773,1.38875044228382,-2.81333221029545,0.626213058891109,0.11739417168618,-1.37776915757326,-0.401964870281703,-22.6179938201012,-4.2568472424874,-0.890489548598617,-1.8,-5.00056874123541,-0.232252569343246
48,1.08621281379304,-3.16725669159161,0.0241929285417128,0.339609756651874,-1.65577410606193,-1.48575707561733,0.636132906259042,0.0320245112602568,0.0302729859431409,0.488980253907712,-0.166283835851111,0.345695792443475,-1.04346608763174,0.208660213535965,-2.71728700145412,-0.0822129127692689,0.0752072537193376,-2.97290784327042,0.423523059740925,-17.1353331082136,-5.06180328124118,1.23970689882654,-1.8,-1.9239619837444,-0.32545480623631
49,0.803624276695373,-2.146944851839,-0.0154013268383803,0.477965253289297,-0.5890966487726,-1.40148023418098,-0.00129184423542179,-0.0611182838446869,0.0459958211350171,0.463625757761717,-0.111855286855335,0.566132502871027,-1.34065699522428,0.50573403890765,-2.76790062406863,0.241960387318259,0.0493621425328941,0.271818586831132,-0.197525189143817,-24.5435950130029,-8.4657591404301,1.36458802402287,-1.8,-4.19250451140728,-0.280373917192895
50,0.690547274011935,-3.08599403668821,-0.0160234497556862,0.431169669586788,-0.922478668568614,-1.66706803435376,0.774230230716032,-0.0341243145691656,0.0394369012673616,0.617147164834976,-0.0970810119175465,0.512687149690349,-1.48659525773721,0.795282802456016,-2.751574717231,0.144828412834033,0.0352522234598689,-1.58951837739522,0.120279948293193,-20.7558995899997,-10.719854841664,-0.154511025221027,-1.8,-6.37388051767804,-0.220170286428116
51,-0.277949660888871,-2.54394431033393,0.000155184284737309,0.340277504598601,-0.991371036270317,-1.41764653387207,0.580427219766091,-0.00826996238632049,0.0514593870112875,0.605474658266327,-0.245422503783692,0.743304996524874,-1.55463644249918,0.618404991451834,-2.71052656766508,0.575778518150016,-6.11929510853197e-06,-0.659750401141176,-0.457756145935433,-25.0829102201571,-7.17916503800133,1.22189602347626,-1.8,-2.11196817940939,-0.348907295163504
52,0.616936294215576,-3.17600414192555,-0.0132718064757119,0.444594647358822,-1.04645329351384,-1.4439953627823,0.659642494906911,-0.0299115551149964,0.035714423827436,0.550202515308175,-0.145508823844235,0.512093765086122,-1.28541839120972,0.686042904069607,-2.72526878055929,0.241418870360358,0.0240453150695116,-1.67441807435215,-0.0846089386932652,-15.7369963945541,-1.14211181527788,0.215620730428445,-1.8,-17.0486004935126,-0.209575519983735
53,1.53335316812785,-3.26033064300336,-0.0361219607331016,0.548416728596901,-1.49601918328219,-1.92532890015345,0.766929315579841,-0.114221905686308,0.0540474416488747,0.7309631525874,0.130313809382969,0.562153362171527,-1.67749405353423,1.40263960094603,-2.70990629976797,0.122107478659902,0.0908760661863329,-0.559961507620922,-0.176612871326445,-23.9732156020157,-5.85566623816922,-0.575227157338835,-1.8,-2.97466409657278,-0.188088800965515
54,0.595986658300458,-1.87717266543618,-0.0102180427634317,0.446619941727209,-1.02892600692184,-1.40543737636118,0.670313980602206,-0.0294939333802626,0.0346596937255478,0.496114481731539,-0.126190387197532,0.472663827133562,-1.21574865210602,0.639141553487477,-2.73430061307085,0.246998554800954,0.0428035561672185,-1.77572473622235,-0.0133767283730125,-23.9732156020157,-5.85566623816922,0.207085664841817,-1.8,-5.00056874123541,-0.232252569343246
55,1.42067144764477,-3.35713975099493,-0.00842632132696393,0.134357005891561,-1.55787677965087,-1.39901630495929,0.342233090802882,0.0911973967530492,0.0326441841999836,0.534901632858787,-0.259402299461614,0.422782321963968,-1.00294035354675,-0.303768053577862,-2.74724262030237,0.590321319728009,-0.036873263909152,-0.383459143323928,-1.14573009611943,-31.6128434260291,-7.01890738259931,1.16681903614459,-1.8,-10.2320821064001,-0.0512371559900848
56,0.367243927367132,-2.35101372302929,-0.0282668344892222,0.576622102759158,-0.588622499050069,-1.31004971762552,0.29440104561181,-0.207835368105848,0.085416578207749,0.927861143847079,-0.190009708966157,0.749725979669168,-1.714701823601,1.28410272028024,-2.71754292515669,0.0746332505441858,0.100597881206843,4.28898462472372,-1.1149835767947,-31.6273453124685,-0.17041392275183,-0.476190338739309,-1.8,-13.2731330016698,-0.219341979596933
57,0.673784514036406,-2.42372514976727,-0.0236981412169178,0.646555301567713,-0.537128045766539,-1.37718980850409,0.307714019731843,-0.0910108528534174,0.0550793999918798,0.653844990862855,-0.227364251148397,0.490730800859187,-1.53103288717609,1.03527044260554,-2.80491260104266,0.274943549793007,0.308537051236288,-1.77572473622235,-0.0133767283730125,-23.9732156020157,-5.85566623816922,-0.549624334291711,-1.8,-5.00056874123541,-0.232252569343246
58,0.595986658300458,-1.87717266543618,-0.0102180427634317,0.446619941727209,-1.02892600692184,-1.40543737636118,0.670313980602206,-0.0294939333802626,0.0346596937255478,0.496114481731539,-0.126190387197532,0.472663827133562,-1.21574865210602,0.639141553487477,-2.73430061307085,0.246998554800954,0.0428035561672185,-1.77572473622235,-0.0133767283730125,-23.9732156020157,-5.85566623816922,0.207085664841817,-1.8,-5.00056874123541,-0.232252569343246
59,0.707521014551428,-2.19697983116261,-0.0153275042958131,0.711792768220191,0.234325634781845,-1.48825616574537,-0.0163252450929537,-0.100286020121817,0.0432633783473817,0.456233078766905,-0.0822951199561247,0.524235831723875,-1.43493647966194,0.681175594045959,-2.79260207701092,0.641988892872761,0.0758033618652214,-0.36844434774886,-0.789327519888323,-25.6566921897353,-3.60409918106333,-0.409478975854789,-1.8,-6.52530322315255,-0.194640126581501
60,1.0489036194444,-3.2268405752256,-0.0186654571178376,0.465611930261543,-0.992578655404852,-1.60914225493801,0.758522230608112,-0.0449822991757323,0.034958237007771,0.587304798307787,-0.103832680604697,0.300678550177537,-1.23692997059515,0.819142084303949,-2.73156387908438,0.241169097659733,0.100048480549187,-1.74915593770185,-0.00458035951287467,-21.9379495323597,-4.16716810875169,-0.410116048461586,-1.8,-4.77135552189404,-0.240700074511945
61,0.83228997471267,-2.95232742033633,-0.00673464933284634,0.465773048657101,-0.7685216451503,-1.66710444603491,0.828918220173892,-0.03620449793199,0.0323931070146299,0.497756104665017,-0.0673340652609808,0.266800115926075,-1.25779111347478,0.699961167320393,-2.76412518111604,-0.323108370596356,0.0586492819377657,-2.10574180778981,0.620678413718165,-22.7803751882243,-4.45131436637648,-0.111513387857133,-1.8,-4.62290730038242,-0.224975226923784
62,0.646335484426793,-3.1015323634498,-0.00715397046690639,0.425331799166551,-1.18770448600116,-1.71121661624703,0.762527159722233,-0.00132882307106375,0.0386120524136708,0.564892590084133,-0.0545254130326926,0.534887384489121,-1.38808306765118,0.707530060219105,-2.72640921683219,0.247017983985747,0.0169572456133585,-1.91442207608695,0.0135507484403572,-26.0580261253799,-5.17536462768358,0.18444961020665,-1.8,-5.00056874123541,-0.232252569343246
63,0.125911136440668,-1.56368885432225,0.100078017799474,0.0714674038272698,-1.69722529853644,-2.01534528898187,0.733070003873759,0.110610718395632,0.035017635564296,0.455771935267134,-0.112445564179101,0.347991828172029,-1.50068485155101,0.276541557628177,-2.81984315864164,-0.692669518940765,-0.0499545546774832,-1.50910673965734,0.898913765510294,-19.924417229264,-2.86287648995275,-24.1622867498748,-1.8,-2.02535840879371,-0.0925238520360793
64,-0.0795616456749795,-2.24997407520347,-0.00480251296771332,0.409622104523263,-1.14373254892152,-1.81268855106771,0.925151776905394,-0.0244426523319247,0.0501513598973993,0.775355295746041,0.112744591305547,0.732806963795958,-1.50698515029122,0.849910085430198,-2.69899561223908,0.500866285171816,0.0273858070028845,-1.61476007904743,-0.2251536848832,-24.9006742584675,-5.85744901131508,-0.371981749750696,-1.8,-5.00056874123541,-0.232252569343246
65,0.710310139395897,-2.16442197884778,0.0391244361805463,0.0229639252748609,-1.01052640042585,-1.57818881803824,0.539781052589795,0.0740530791611826,0.0348854689231011,0.583324359247761,-0.304510261919585,0.274220923110976,-1.17602486013285,0.7712011119202,-2.82939891753153,0.3981764340995,0.0543687247140603,-1.31273290693077,-0.263050187320506,-21.8655564345784,-5.91960085022764,1.22996872450085,-1.8,-5.44941579444767,-0.163681418230663
66,0.372201885078673,-3.11208294473693,0.000304295240032733,0.418419255149411,-1.02031189527129,-1.44430573326805,0.582782783761526,-0.00471109585403842,0.0369484760981488,0.571718851273965,-0.232117132430053,0.499311855325269,-1.31737133392315,0.426851333508776,-2.69064733739213,0.0577300960218771,0.039358288568341,-2.03738505345373,0.207846232561686,-24.6941113686879,-1.14792990448389,1.25366602156305,-1.8,-9.17631429637902,-0.276170920740878
67,1.17550051186225,-2.37893854743095,-0.0115384595671227,0.464938595715913,-0.980068043848745,-1.54772927000352,0.381440270525233,-0.0490376194725066,0.036209884176696,0.456926063745575,0.0528385556028696,0.335673715992859,-1.44622169991485,0.853291778749373,-2.82364485283995,-0.353080660973465,0.171239526738668,-6.14479363872884,0.360997107258217,-23.9732156020157,-5.85566623816922,1.33294198690374,-1.8,-4.5097832154305,-0.169815463518446
68,1.3894235529037,-2.95174176111034,-0.00172041021827623,0.290082189922404,-1.02134132153301,-1.62458050629435,0.825579087745073,0.0135527358419779,0.0294033764000619,0.426655686862727,-0.0774730150354271,0.0904678429311613,-1.03191784786971,1.9638706201692,-2.77364490268237,-0.232646002189694,0.142050119276713,-3.22285937233194,0.598900997541605,-26.2049288474727,-1.24510460042122,-0.765274228124935,-1.8,-4.71757436394227,-0.169863052286795
69,0.216532161231074,-3.23515250653385,-0.00636300567952197,0.459380823778442,-1.11537226460959,-1.60548051027644,0.802046132370897,-0.0294952519469695,0.0417361815642605,0.475786900074192,-0.079973632141608,0.67786211187209,-1.49700251117181,0.659857577872054,-2.68166299987837,0.138036496054653,-0.0767075914514531,-2.33663226713234,0.0586202762654185,-20.3695831048283,-1.34564480085061,0.443801220521436,-1.8,-5.00056874123541,-0.232252569343246
70,0.332970117468293,-2.59996530421648,0.0068567820854741,0.721547324964026,-0.444271975486332,-1.5857819999473,-0.310541343817867,0.0144142575041729,0.0213434577918238,-0.219810341934703,-0.161307803435825,0.585441443180766,-1.4592890199885,0.235714834145342,-2.63264921553126,0.458657268123919,0.0703479620249251,2.3208708368304,-0.788427187361751,-24.5079175107206,-8.50071959099242,1.40192068641397,-1.8,-3.31281858843523,-0.361280684610253
71,0.752368728078587,-2.9927643936848,-0.0202553262073092,0.427307450157806,-0.580668163395107,-1.46645551560693,0.629128463565837,-0.05650038770384,0.0362347200208975,0.664470804693855,-0.219135747360704,0.241238707764028,-1.26122417805505,0.861400802523798,-2.78185437185022,0.224073758059992,0.112331609123485,-1.81994057073775,0.0536691440762977,-22.79962182014,-5.50416418791242,-0.700969130755583,-1.8,-3.88122754447636,-0.210488127999012
72,1.24147481824058,-2.04478646751519,-0.0291670605826412,0.833883811768927,0.16500364328533,-1.62314831168188,0.501705902698758,-0.149540767937109,0.0540041605272386,0.62185689885972,0.0454342589387697,0.462582138788447,-1.44762989794396,0.740025189900548,-2.74005114349575,0.368076944302945,0.157154632101746,0.333161472658256,-4.27441400440596,-23.9732156020157,-5.85566623816922,-0.225485357805916,-1.8,-5.00056874123541,-0.232252569343246
73,1.02866174306248,-2.23199065273812,-0.0184024713442077,0.617235636447833,0.215616863925713,-1.36364974968569,-0.0290249858417241,-0.0928615040632143,0.0461126557963779,0.535206018193566,-0.159996623245586,0.37395080460161,-1.26795832731507,0.488719535577391,-2.87878578364313,0.782503978397354,0.315526973212529,-9.07619447226033,-0.677490084404587,-20.6144707136365,-1.5726178151263,1.2809724165328,-1.8,-5.36111279828357,-0.181965734586208
74,0.663929296432462,-3.17089907191178,-0.00976024472954057,0.429661869440659,-1.04171393841366,-1.53048615439116,0.688117313445805,-0.0140958984416181,0.0357381673684267,0.556865450551311,-0.144872169799578,0.432350207762204,-1.27667735556178,0.680352218453534,-2.72946875009059,0.269170542467284,0.0197368413385666,-2.00241327532153,-0.0359210059292834,-19.2621872150042,-9.69050503877807,0.155765083676954,-1.8,-4.80226462581461,-0.245650466156533
75,0.391370518209931,-3.03686439549366,-0.00616502009840136,0.444163494191317,-1.0197990319083,-1.5040201764625,0.663620221185797,-0.0205661638223937,0.0383444136567872,0.556270135969037,-0.124624436136636,0.460512852752715,-1.26609951996992,0.663309807828775,-2.72592709599834,0.470919340680862,0.00517732835124934,-1.52157656705362,-0.273852852105715,-36.1401405277203,-1.49220390744742,-0.0118947935795563,-1.8,-5.74726180962489,-0.233346796385352
76,0.195213336969056,-5.15068602772996,-0.00800998485326406,0.666960227441744,-0.633559038261931,-1.56245393043882,0.0274602913661651,-0.173690147989863,0.0508022885086161,0.29724929253909,0.00417096130400559,0.684085488960316,-1.62928602124595,0.693780141944606,-2.75708828527046,0.491109237100653,0.0510034330620587,-1.75991894653769,-0.577752827708919,-24.6399477596787,-0.89798469508329,-0.0352580935847028,-1.8,-5.00056874123541,-0.232252569343246
77,1.00462124980754,-3.24177625465807,-0.0185089434934559,0.464263125016048,-0.877300046635609,-1.40780170124897,0.685557850699794,-0.0525259987211426,0.0321122886669696,0.568147695567971,-0.223747687743395,0.157582909291088,-1.12893595406204,0.8532714103838,-2.7479689971667,0.0878722113414162,0.172163554743526,-2.71346770836015,0.192813284302098,-21.8129884978846,-10.7324307981318,-0.11632394091512,-1.8,-3.23862108294719,-0.276514685730233
78,2.14596117592499,-3.5627187679378,-0.0119810173561728,0.122979926581736,-0.935108939495202,-1.51899751482504,0.422372638934239,0.0477625469122492,0.029652316492549,0.525615644090657,-0.349873392254568,0.257511345325114,-1.19831361170921,0.846892381936165,-2.90312307714421,-0.0740258019646621,0.192842430716768,-2.31433514863401,0.439807705479074,-26.9978971873478,-8.66751908891871,1.33121973680451,-1.8,-4.54309153031659,-0.169628042887303
79,0.277987658659698,-2.75788423143668,-0.0134432399177548,0.413684462639047,-0.795888627095185,-1.61471332688171,0.676888602541526,-0.0546843220356644,0.0424329714394798,0.698574646377394,-0.0550699312998213,0.626201684630359,-1.49073176036148,0.880769678656465,-2.73956409571125,0.645146488665897,-0.0410739941781372,-1.008398935103,-0.648981880943317,-25.9746051626069,-1.65778149674244,-0.200013734210023,-1.8,-3.2312553809224,-0.221338677374854
80,0.595986658300458,-3.07583344553697,-0.0102180427634317,0.446619941727209,-1.02892600692184,-1.40543737636118,0.670313980602206,-0.0294939333802626,0.0346596937255478,0.496114481731539,-0.126190387197532,0.472663827133562,-1.21574865210602,0.639141553487477,-2.73430061307085,0.246998554800954,0.0428035561672185,-0.577063956121567,-0.0133767283730125,-23.9732156020157,-5.85566623816922,0.207085664841817,-1.8,-5.00056874123541,-0.232252569343246
81,1.04941141402492,-3.53434299125715,-0.00999570219839856,0.459364951225144,-1.16867452817055,-1.40126835101,0.571466096678608,-0.0151479464274563,0.0294951255158695,0.511476413336817,-0.192354909545535,0.37977987260362,-1.1928523478239,0.25024061801761,-2.73609208451861,-0.0775763109876335,0.11263925162846,-1.92390758538252,0.303077275009141,-23.0807271310675,-8.01216561285911,1.35878306764965,-1.8,-5.87671917901408,-0.255082027045838
82,0.630480732717902,-1.37532882085648,-0.0120553220043557,0.610875984493003,-0.474241409027636,-1.42083678317685,0.345542403027838,-0.0900911142909392,0.0410443549540921,0.479799269548934,-0.00585061392681342,0.46430917630614,-1.36833893030065,0.701642616933919,-2.95325745655485,0.346433112065343,0.328131357900531,-1.03379431265429,-0.0639873827112521,-23.9732156020157,-5.85566623816922,-0.44957570819934,-1.8,-5.00056874123541,-0.232252569343246
83,1.90069782996058,-3.10340626949255,-0.0323706829788156,0.448341010033967,-0.71638237987727,-1.77439127953965,0.148564054266127,-0.0829146881276594,0.0437779399186183,0.382683139901261,0.0609380599857742,0.464037083901434,-1.66336844545649,0.668076073000509,-2.90384478664737,0.651483822788015,-0.0267867395291552,-5.03073392363737,-0.189260783040639,-23.9732156020157,-5.85566623816922,1.34625155406577,-1.8,-4.26741369760059,-0.103601556802585
84,0.579372308189974,-2.46785691370273,-0.0139513836242661,0.547379060365313,-0.467402328368524,-1.40467117799982,0.0934500665190691,-0.11305619634583,0.0469005345090955,0.367907242075769,-0.0527373667026373,0.581084876829523,-1.42727937768374,0.438762127677916,-2.74205425872233,0.133161432097138,0.0407675136635937,0.41840346105847,-0.84040818546996,-24.4807155497353,-4.77878356651069,1.40242056551083,-1.8,-6.68701161063714,-0.230470972951666
85,1.13696738127486,-3.30572312413517,-0.0240015822929205,0.415276959828834,-0.783100717808509,-1.42232720929911,0.647404072171111,-0.0458908899187789,0.0294364364827923,0.583915933393948,-0.223845733860447,0.320041537511801,-1.19457378612041,1.83072767320437,-2.74667659516552,-0.0914040752725124,0.0616582224278288,-1.92634712284018,0.272250536833438,-25.7450748655049,-0.0330351512753675,-0.763248888737626,-1.8,-4.63003886503208,-0.214145700345627
86,1.69451955966168,-3.19099453877226,-0.031434642220333,0.172840471670246,-0.777011495213382,-1.47316072668522,0.656237349395803,0.0227192920354414,0.0301056684424067,0.50421437454824,-0.249529709763249,0.187844321554284,-1.15316309352583,0.653286530642436,-2.91282610007496,-0.328124416676847,0.104094156404106,-3.39122265804873,0.824371527088639,-19.5679528833741,-0.0598585095593256,-1.27444166472516,-1.8,-6.23314235840864,-0.0812197107010727
87,1.32301258957229,-3.43987130211068,-0.0207168294832658,0.386627003386576,-0.962956034834903,-1.37926708831051,0.608987465279564,-0.0309638125614401,0.0317022932173033,0.489037420236101,-0.234242247833237,0.280079809750448,-1.08873332915638,0.686597661998639,-2.75866098637472,0.24364318909037,0.0982590103875342,-1.63816516941498,-0.00354284801721784,-21.4439158567996,-2.91380968370511,0.181250573302688,-1.8,-8.42668990160991,-0.243172731820122
88,0.220002702360645,-1.72971842793235,0.0436215659639453,-0.0642530259827238,-1.42764697149093,-1.47546127889423,0.333090320308129,0.180639207530717,0.0361921487602043,0.363258486112803,-0.196468632962619,0.513097138982516,-1.00831036766144,0.0109636823112993,-2.73997697640614,0.562745044594024,-0.0554917268006828,-2.07776819904401,-0.226115944216706,-25.2605506315708,-4.16959886933903,0.382320777361095,-1.8,-5.00056874123541,-0.232252569343246
89,0.199886354612515,-1.97863446392688,-0.00631271855530952,0.686012407421838,0.0260969465426495,-1.35002009237565,-0.0864950345235663,-0.0775945206223068,0.0636025153206811,0.541082069696801,-0.24968784033116,0.617664059705951,-1.42655720449339,0.745086209295725,-2.79015828097438,0.149810101032302,0.0853402604272804,0.916287741807947,-0.329953813507978,-23.0831618253093,-6.35356873271887,-0.368100764079153,-1.8,-6.14507570016327,-0.170041583478144
90,0.543246343064751,-3.22226430431408,-0.0108699024334791,0.518725705836043,-1.01941327670665,-1.47063750092233,0.69430483053162,-0.0558652032494638,0.0343515588714334,0.525954913436915,-0.113146675012864,0.462179074793091,-1.32648934719631,0.663919578836685,-2.74037411189015,0.243433985281175,0.0636988685411464,-1.7452128518098,-0.0363013971397163,-23.4898036947272,-6.53507295722302,0.346568916982149,-1.8,-5.00056874123541,-0.232252569343246
91,0.470184971116748,-2.96614876163694,-0.0104184986115071,0.515623533271025,-0.806599858536714,-1.65346825367986,0.851164150980101,-0.0661242146910132,0.0401068782665837,0.606720773008887,-0.0791715688715558,0.281133805841225,-1.33357543664152,0.85067689802042,-2.7212899528048,0.168882585941388,0.0882913007311271,-1.95084439834492,0.0675112504020216,-22.1560856347238,-6.67611339443168,-0.351089443922915,-1.8,-3.89161594620358,-0.273903542918741
92,1.32918187698539,-2.67445078572682,-0.0205269505858243,0.726188166508272,0.0218330647539395,-1.48309915979954,0.0408167065832152,-0.107619853937336,0.0428581075579863,0.429721666265839,-0.0344826368702218,0.475229766088348,-1.33551212915012,0.423216945756351,-2.76095321381138,0.479653640708378,0.102264463155934,-1.16923546622863,-0.365709758451176,-24.3247940593012,-6.65675122789782,1.31135676951326,-1.8,-7.11424717844216,-0.254715896485372
93,0.138444866793523,-1.73801027579893,-0.00902120843167451,0.53948201955521,-0.584163726934302,-1.43157349513294,0.254689926364026,-0.0939054312706242,0.0497367481976231,0.577194587430635,-0.111927406992593,0.603662927233807,-1.51181891136736,0.815171090868724,-2.74688663201607,0.098791644976863,0.0703823099896998,-3.89109676300293,-0.0291241734553961,-18.7984891372993,-0.819733947106463,0.204383234246884,-1.8,-6.02928785745727,-0.184540114759879
94,0.70460339692286,-3.1418916876113,0.0037903766872792,0.37558747577862,-1.12430482102828,-1.48288758134092,0.616330343524218,0.00261818589671835,0.0320798984279665,0.571483156537803,-0.306582785758847,0.311214645374473,-1.23596272227912,0.874517585925833,-2.74438616447134,-0.309089144437267,0.0788624926900683,-1.78012947565619,0.611718747242075,-22.7464536032202,-9.58552297563146,1.25980938540517,-1.8,-6.74789443718386,-0.224762494821885
95,0.142855219949681,-1.06394755008573,-0.0031580245665895,0.639725559440555,-1.1296184821271,-1.5530755102191,0.792710282061598,-0.115194268479929,0.0364940427804207,0.686210597842316,0.0626182477400597,0.589679556629686,-1.25676257804517,2.06609597972419,-2.69780987831369,0.285921917615944,0.072633422025109,0.781932064567415,-0.742404759051747,-24.9700843504048,-3.84816178048957,-0.648633330463001,-1.8,-5.00056874123541,-0.232252569343246
96,-0.614991466351642,-2.80945498376745,-0.0144450148435568,0.972757593791617,-0.406589775559049,-1.24253843080061,-0.519476724844468,-0.245279847099408,0.0962390079857517,0.671025334408471,-0.614654271197174,0.588984987052501,-2.28667956769767,0.892214915736067,-2.58048726790285,0.333760409063586,0.101197807739057,-1.77572473622235,-0.0133767283730125,-23.9732156020157,-5.85566623816922,0.140347140369499,-1.8,-5.00056874123541,-0.232252569343246
97,0.0769501021421524,-3.20727838708,-0.0134346940721022,0.513684875542281,-1.00317555930147,-1.43394110973279,0.69817777037558,-0.0631201679560914,0.0512302982792994,0.684184427648855,-0.186970006319195,0.695932799987726,-1.46363035422359,0.896094430596742,-2.66769415707064,0.320676849275587,0.0220077752913066,-6.53186367819377,0.0201715333458249,-20.7943930110931,-6.92598632681334,-0.0473361782947084,-1.8,-1.32961289407827,-0.44134376055504
98,1.14844763532388,-1.7144104965064,-0.0246916246341271,0.721072800238206,-0.761027037327944,-1.63850002401383,0.0799779899263085,-0.130978737490139,0.0531231042122185,0.536524056543641,-0.00164191729941132,0.536080171625103,-1.55447868956116,0.853179272960003,-2.79666973249175,0.598213535865576,0.178126992490538,-2.22830480319165,-0.267122065496587,-23.9732156020157,-5.85566623816922,-0.628548358026522,-1.8,-5.00056874123541,-0.232252569343246
99,1.41798382739411,-3.06682697712001,-0.00462582803438921,0.798687806294958,-1.19461002203334,-1.48293545015578,0.230969806841838,-0.0914540795890221,0.0334108014360623,0.566914124432795,-1.19819666740753,0.175919901063707,-1.36983117145319,0.932961221199697,-2.82270214069745,-0.0124592351561621,0.462674647700117,-2.8427584818342,0.244275858753419,-23.9732156020157,-5.85566623816922,1.38870747445561,-1.8,-5.00056874123541,-0.232252569343246
100,0.651083916426354,-2.39918016715888,-0.0101151916478288,0.551436973260066,-0.674321336892223,-1.45186386046606,0.337182838036976,-0.0796451468770517,0.0343158621251868,0.400658623514399,0.113406200859671,0.30359899033794,-1.42360840746272,0.776976347795737,-2.77744776886768,-0.0896324133475097,0.244566100878621,-5.90138404184129,0.45100532244993,-23.9732156020157,-5.85566623816922,1.3322124951284,-1.8,-4.19046611645516,-0.24360951014939
