iteration,parameter,value,parset
1,int.f0,0.2891659231685,3-01
2,int.f0,0.90361905878828,3-02
3,int.f0,0.842404853707232,3-03
4,int.f0,0.422407229259332,3-04
5,int.f0,1.4639636360024,3-05
6,int.f0,0.247525885021512,3-06
7,int.f0,0.424886350699515,3-07
8,int.f0,0.260282589297193,3-08
9,int.f0,0.363024914886011,3-09
10,int.f0,0.409841533122772,3-10
11,int.f0,0.281459391717659,3-11
12,int.f0,0.144160517477103,3-12
13,int.f0,-0.870396229075528,3-13
14,int.f0,0.0371258974322765,3-14
15,int.f0,-0.59463368787374,3-15
16,int.f0,0.644806893789874,3-16
17,int.f0,1.02987454444111,3-17
18,int.f0,0.922316646511177,3-18
19,int.f0,0.0654709186654396,3-19
20,int.f0,1.01948440581349,3-20
21,int.f0,1.26541328965696,3-21
22,int.f0,0.772935274109785,3-22
23,int.f0,0.183869057112115,3-23
24,int.f0,0.105646584698983,3-24
25,int.f0,0.433405468239854,3-25
26,int.f0,0.561684795379526,3-26
27,int.f0,-0.254400063706408,3-27
28,int.f0,0.635092904681838,3-28
29,int.f0,0.0796981489433291,3-29
30,int.f0,0.514043376769473,3-30
31,int.f0,0.333867846431327,3-31
32,int.f0,0.349735637796238,3-32
33,int.f0,0.156596078481172,3-33
34,int.f0,0.31549724734633,3-34
35,int.f0,-0.709410041188342,3-35
36,int.f0,0.245940550918498,3-36
37,int.f0,0.0730098871139363,3-37
38,int.f0,-0.0152595733892109,3-38
39,int.f0,0.615740740427416,3-39
40,int.f0,-0.35612563848845,3-40
41,int.f0,0.178463453009413,3-41
42,int.f0,0.2417369451465,3-42
43,int.f0,0.38486378936572,3-43
44,int.f0,0.509132477379095,3-44
45,int.f0,0.0391643845464464,3-45
46,int.f0,-0.229780389920401,3-46
47,int.f0,0.038568313153393,3-47
48,int.f0,0.167138002927633,3-48
49,int.f0,-0.263256951280241,3-49
50,int.f0,-0.365347497548446,3-50
51,int.f0,0.163776468990455,3-51
52,int.f0,0.360048719256467,3-52
53,int.f0,0.273638241911722,3-53
54,int.f0,0.894585266020186,3-54
55,int.f0,0.621843985355516,3-55
56,int.f0,-0.28071377370897,3-56
57,int.f0,0.0398860335407102,3-57
58,int.f0,0.523077562854726,3-58
59,int.f0,-0.0675400560356531,3-59
60,int.f0,0.319480567573069,3-60
61,int.f0,0.66557350117065,3-61
62,int.f0,0.118290128012957,3-62
63,int.f0,0.485299231142146,3-63
64,int.f0,0.236067514798885,3-64
65,int.f0,0.652613528150635,3-65
66,int.f0,0.179852667354044,3-66
67,int.f0,0.193389697276678,3-67
68,int.f0,0.231958691505356,3-68
69,int.f0,0.45181164019647,3-69
70,int.f0,-0.294010215618646,3-70
1,app.mthd.os.f0,-2.9823137156371,3-01
2,app.mthd.os.f0,-3.38227941457154,3-02
3,app.mthd.os.f0,-2.95811375559232,3-03
4,app.mthd.os.f0,-3.18839401365972,3-04
5,app.mthd.os.f0,-3.50377201251299,3-05
6,app.mthd.os.f0,-4.23928362663791,3-06
7,app.mthd.os.f0,-3.26164374897074,3-07
8,app.mthd.os.f0,-2.46329562714952,3-08
9,app.mthd.os.f0,-3.55088480569923,3-09
10,app.mthd.os.f0,-2.91305102657976,3-10
11,app.mthd.os.f0,-2.4159265250206,3-11
12,app.mthd.os.f0,-2.51756890051118,3-12
13,app.mthd.os.f0,-1.83681488254254,3-13
14,app.mthd.os.f0,-2.19122377254935,3-14
15,app.mthd.os.f0,-1.68446571012055,3-15
16,app.mthd.os.f0,-2.67757853173754,3-16
17,app.mthd.os.f0,-3.51721126728724,3-17
18,app.mthd.os.f0,-3.21537413826003,3-18
19,app.mthd.os.f0,-2.62430550868311,3-19
20,app.mthd.os.f0,-3.59867004541468,3-20
21,app.mthd.os.f0,-4.18589453239412,3-21
22,app.mthd.os.f0,-4.05215110212501,3-22
23,app.mthd.os.f0,-2.80425257220404,3-23
24,app.mthd.os.f0,-2.68267428825127,3-24
25,app.mthd.os.f0,-2.73560605434234,3-25
26,app.mthd.os.f0,-3.22405025486676,3-26
27,app.mthd.os.f0,-4.24047060612757,3-27
28,app.mthd.os.f0,-5.30596866213635,3-28
29,app.mthd.os.f0,-2.73696092934132,3-29
30,app.mthd.os.f0,-3.10871076324181,3-30
31,app.mthd.os.f0,-3.46539589646183,3-31
32,app.mthd.os.f0,-4.45614054964435,3-32
33,app.mthd.os.f0,-3.05570071699451,3-33
34,app.mthd.os.f0,-3.31898353228289,3-34
35,app.mthd.os.f0,-1.69747769874184,3-35
36,app.mthd.os.f0,-2.94256455452478,3-36
37,app.mthd.os.f0,-2.64358213208416,3-37
38,app.mthd.os.f0,-2.19304384635722,3-38
39,app.mthd.os.f0,-3.66175753765268,3-39
40,app.mthd.os.f0,-2.39314324843235,3-40
41,app.mthd.os.f0,-3.14364265484155,3-41
42,app.mthd.os.f0,-2.55700186299804,3-42
43,app.mthd.os.f0,-3.14270388223503,3-43
44,app.mthd.os.f0,-3.28384893652461,3-44
45,app.mthd.os.f0,-2.54073196970524,3-45
46,app.mthd.os.f0,-1.93990098526757,3-46
47,app.mthd.os.f0,-2.28179440912908,3-47
48,app.mthd.os.f0,-2.57868102533838,3-48
49,app.mthd.os.f0,-2.94320991013278,3-49
50,app.mthd.os.f0,-2.38287917457384,3-50
51,app.mthd.os.f0,-3.01246343236202,3-51
52,app.mthd.os.f0,-2.27971265578582,3-52
53,app.mthd.os.f0,-4.26604999276763,3-53
54,app.mthd.os.f0,-3.50499721598267,3-54
55,app.mthd.os.f0,-4.09239821537867,3-55
56,app.mthd.os.f0,-1.2661917338549,3-56
57,app.mthd.os.f0,-2.20510689665177,3-57
58,app.mthd.os.f0,-2.96638767731762,3-58
59,app.mthd.os.f0,-2.77191935730144,3-59
60,app.mthd.os.f0,-3.09170452472574,3-60
61,app.mthd.os.f0,-3.12962397351928,3-61
62,app.mthd.os.f0,-3.00475373644518,3-62
63,app.mthd.os.f0,-4.3576961126857,3-63
64,app.mthd.os.f0,-2.37687612570705,3-64
65,app.mthd.os.f0,-4.12520213812334,3-65
66,app.mthd.os.f0,-2.86812833110214,3-66
67,app.mthd.os.f0,-3.53314481134224,3-67
68,app.mthd.os.f0,-2.87844425150379,3-68
69,app.mthd.os.f0,-3.77818640222932,3-69
70,app.mthd.os.f0,-3.48599321800278,3-70
1,app.rate.ni.f0,-0.0328226597498298,3-01
2,app.rate.ni.f0,-0.0474298494367387,3-02
3,app.rate.ni.f0,-0.0471381713548414,3-03
4,app.rate.ni.f0,-0.0483836094047941,3-04
5,app.rate.ni.f0,-0.0533578067458565,3-05
6,app.rate.ni.f0,-0.02289057384836,3-06
7,app.rate.ni.f0,-0.0419505126638544,3-07
8,app.rate.ni.f0,-0.0387250099701955,3-08
9,app.rate.ni.f0,-0.0423361734130987,3-09
10,app.rate.ni.f0,-0.0324106210155748,3-10
11,app.rate.ni.f0,-0.0303317012570437,3-11
12,app.rate.ni.f0,-0.042236717444988,3-12
13,app.rate.ni.f0,-0.00033494524461287,3-13
14,app.rate.ni.f0,-0.021615886215111,3-14
15,app.rate.ni.f0,-0.0144776339056762,3-15
16,app.rate.ni.f0,-0.0388500798208152,3-16
17,app.rate.ni.f0,-0.0625982731744826,3-17
18,app.rate.ni.f0,-0.0451164674371691,3-18
19,app.rate.ni.f0,-0.0243709480016059,3-19
20,app.rate.ni.f0,-0.0491566003764446,3-20
21,app.rate.ni.f0,-0.0489868487281109,3-21
22,app.rate.ni.f0,-0.0600679933243206,3-22
23,app.rate.ni.f0,-0.0199962471750689,3-23
24,app.rate.ni.f0,-0.0308015920825638,3-24
25,app.rate.ni.f0,-0.0465690298422747,3-25
26,app.rate.ni.f0,-0.0477315262898122,3-26
27,app.rate.ni.f0,-0.0416476103934343,3-27
28,app.rate.ni.f0,-0.0489115080264248,3-28
29,app.rate.ni.f0,-0.031517045147253,3-29
30,app.rate.ni.f0,-0.0435213062776126,3-30
31,app.rate.ni.f0,-0.037893044967584,3-31
32,app.rate.ni.f0,-0.0414188343156644,3-32
33,app.rate.ni.f0,-0.0370010480688918,3-33
34,app.rate.ni.f0,-0.0441172023725129,3-34
35,app.rate.ni.f0,-0.00648673549300529,3-35
36,app.rate.ni.f0,-0.0270397543421197,3-36
37,app.rate.ni.f0,-0.0409801180099547,3-37
38,app.rate.ni.f0,-0.0238640599020143,3-38
39,app.rate.ni.f0,-0.0415104669217303,3-39
40,app.rate.ni.f0,-0.0191236983522706,3-40
41,app.rate.ni.f0,-0.0369673184583013,3-41
42,app.rate.ni.f0,-0.0367543954235476,3-42
43,app.rate.ni.f0,-0.0383330907093287,3-43
44,app.rate.ni.f0,-0.0360421280724823,3-44
45,app.rate.ni.f0,-0.0319590796708759,3-45
46,app.rate.ni.f0,-0.0169695018274659,3-46
47,app.rate.ni.f0,-0.0284219858724359,3-47
48,app.rate.ni.f0,-0.0375415083549745,3-48
49,app.rate.ni.f0,-0.0163498428065869,3-49
50,app.rate.ni.f0,-0.0371328464476049,3-50
51,app.rate.ni.f0,-0.0280271240166786,3-51
52,app.rate.ni.f0,-0.0308431711799977,3-52
53,app.rate.ni.f0,-0.0362152971623105,3-53
54,app.rate.ni.f0,-0.0490827367999049,3-54
55,app.rate.ni.f0,-0.0519347915739747,3-55
56,app.rate.ni.f0,-0.0110584074894142,3-56
57,app.rate.ni.f0,-0.0228778643050702,3-57
58,app.rate.ni.f0,-0.0406283311313086,3-58
59,app.rate.ni.f0,-0.0285655553027646,3-59
60,app.rate.ni.f0,-0.0371572044968939,3-60
61,app.rate.ni.f0,-0.0405602036340488,3-61
62,app.rate.ni.f0,-0.0374116273136829,3-62
63,app.rate.ni.f0,-0.0427060186993466,3-63
64,app.rate.ni.f0,-0.0294612439813042,3-64
65,app.rate.ni.f0,-0.0369332964481378,3-65
66,app.rate.ni.f0,-0.0324097706602922,3-66
67,app.rate.ni.f0,-0.0425777330938143,3-67
68,app.rate.ni.f0,-0.0438720144121307,3-68
69,app.rate.ni.f0,-0.0371031021708893,3-69
70,app.rate.ni.f0,-0.0195156197963975,3-70
1,man.dm.f0,0.508216718705825,3-01
2,man.dm.f0,0.654930609287378,3-02
3,man.dm.f0,0.371566642003209,3-03
4,man.dm.f0,0.390514762264514,3-04
5,man.dm.f0,0.245094969492249,3-05
6,man.dm.f0,0.588956928158912,3-06
7,man.dm.f0,0.70897172737946,3-07
8,man.dm.f0,0.22708597288778,3-08
9,man.dm.f0,0.418809666700064,3-09
10,man.dm.f0,0.590163645673146,3-10
11,man.dm.f0,0.547787736253507,3-11
12,man.dm.f0,0.0966160058842849,3-12
13,man.dm.f0,0.481700690198874,3-13
14,man.dm.f0,0.515073274000099,3-14
15,man.dm.f0,-0.193523516720474,3-15
16,man.dm.f0,0.657831328148881,3-16
17,man.dm.f0,0.509889849776196,3-17
18,man.dm.f0,0.682124484728501,3-18
19,man.dm.f0,0.630142626171237,3-19
20,man.dm.f0,0.242692257524629,3-20
21,man.dm.f0,0.506779875918189,3-21
22,man.dm.f0,0.802306885661847,3-22
23,man.dm.f0,0.596028610222172,3-23
24,man.dm.f0,0.460750075680156,3-24
25,man.dm.f0,0.188567200404796,3-25
26,man.dm.f0,0.156510585176031,3-26
27,man.dm.f0,0.17626166383807,3-27
28,man.dm.f0,0.414725828502504,3-28
29,man.dm.f0,0.634621777461324,3-29
30,man.dm.f0,0.419448147308382,3-30
31,man.dm.f0,0.311350519630395,3-31
32,man.dm.f0,0.503026471784042,3-32
33,man.dm.f0,0.474690636731377,3-33
34,man.dm.f0,0.464056438082282,3-34
35,man.dm.f0,0.55208423347775,3-35
36,man.dm.f0,0.661238977270978,3-36
37,man.dm.f0,0.516842220422978,3-37
38,man.dm.f0,0.495940690640658,3-38
39,man.dm.f0,0.436676922111218,3-39
40,man.dm.f0,0.500910493057874,3-40
41,man.dm.f0,0.318793983372635,3-41
42,man.dm.f0,0.267329886115904,3-42
43,man.dm.f0,0.532327256274166,3-43
44,man.dm.f0,0.49199378980136,3-44
45,man.dm.f0,0.440593822640484,3-45
46,man.dm.f0,0.542807699200198,3-46
47,man.dm.f0,0.490339903243018,3-47
48,man.dm.f0,0.424799566081646,3-48
49,man.dm.f0,0.599459513127962,3-49
50,man.dm.f0,0.0852736592648121,3-50
51,man.dm.f0,0.502101959476416,3-51
52,man.dm.f0,0.5901506492007,3-52
53,man.dm.f0,0.378939561052338,3-53
54,man.dm.f0,0.466843390649089,3-54
55,man.dm.f0,0.490548187709909,3-55
56,man.dm.f0,0.546699231349861,3-56
57,man.dm.f0,0.573956721518138,3-57
58,man.dm.f0,0.505771537582391,3-58
59,man.dm.f0,0.495609499121593,3-59
60,man.dm.f0,0.457213580429191,3-60
61,man.dm.f0,0.613622868655202,3-61
62,man.dm.f0,0.455892634224523,3-62
63,man.dm.f0,0.520098098467428,3-63
64,man.dm.f0,0.490815069118841,3-64
65,man.dm.f0,0.56291309306536,3-65
66,man.dm.f0,0.320849129436914,3-66
67,man.dm.f0,0.163121530848461,3-67
68,man.dm.f0,0.40594371955502,3-68
69,man.dm.f0,0.520905870011469,3-69
70,man.dm.f0,0.632599414811445,3-70
1,man.source.pig.f0,-0.298189910892066,3-01
2,man.source.pig.f0,-1.44114846998044,3-02
3,man.source.pig.f0,-1.80806996001933,3-03
4,man.source.pig.f0,-0.986893302724336,3-04
5,man.source.pig.f0,-1.86140343434617,3-05
6,man.source.pig.f0,-0.992313769767927,3-06
7,man.source.pig.f0,-2.35337356644891,3-07
8,man.source.pig.f0,-1.6690189522177,3-08
9,man.source.pig.f0,-0.660206527661462,3-09
10,man.source.pig.f0,-1.64915939432,3-10
11,man.source.pig.f0,-0.137780032811336,3-11
12,man.source.pig.f0,-1.91563361878315,3-12
13,man.source.pig.f0,-0.484342793059799,3-13
14,man.source.pig.f0,-1.07513928285568,3-14
15,man.source.pig.f0,-2.60815048294197,3-15
16,man.source.pig.f0,-1.97853437834038,3-16
17,man.source.pig.f0,-2.23544167010079,3-17
18,man.source.pig.f0,-2.30944425701418,3-18
19,man.source.pig.f0,-1.13077815468652,3-19
20,man.source.pig.f0,-1.79804014823774,3-20
21,man.source.pig.f0,-1.80406841827328,3-21
22,man.source.pig.f0,-2.67813727748788,3-22
23,man.source.pig.f0,-1.90054433234763,3-23
24,man.source.pig.f0,-1.42835441223405,3-24
25,man.source.pig.f0,-1.65342581244625,3-25
26,man.source.pig.f0,-1.35826698577734,3-26
27,man.source.pig.f0,-2.18572801006692,3-27
28,man.source.pig.f0,-1.14944458600765,3-28
29,man.source.pig.f0,-2.03647596156812,3-29
30,man.source.pig.f0,-1.52035613558582,3-30
31,man.source.pig.f0,-1.01925111294789,3-31
32,man.source.pig.f0,-0.689406388977492,3-32
33,man.source.pig.f0,-1.12374256887835,3-33
34,man.source.pig.f0,-1.18842784409919,3-34
35,man.source.pig.f0,-0.118307763746402,3-35
36,man.source.pig.f0,-0.29604530996849,3-36
37,man.source.pig.f0,-0.302441374399764,3-37
38,man.source.pig.f0,-1.4286690678144,3-38
39,man.source.pig.f0,-1.6712146626084,3-39
40,man.source.pig.f0,-0.593833854576444,3-40
41,man.source.pig.f0,-1.09659500732029,3-41
42,man.source.pig.f0,-1.54247923838344,3-42
43,man.source.pig.f0,-1.42276182225293,3-43
44,man.source.pig.f0,-1.33065894515401,3-44
45,man.source.pig.f0,-1.29249697581526,3-45
46,man.source.pig.f0,-0.774527947692939,3-46
47,man.source.pig.f0,-1.90202016840725,3-47
48,man.source.pig.f0,-0.890050372662862,3-48
49,man.source.pig.f0,-0.649321566885068,3-49
50,man.source.pig.f0,-2.92023670385603,3-50
51,man.source.pig.f0,-0.706066511921576,3-51
52,man.source.pig.f0,-0.449034933179159,3-52
53,man.source.pig.f0,-1.16528548444454,3-53
54,man.source.pig.f0,-1.74699314390978,3-54
55,man.source.pig.f0,-0.605705940298638,3-55
56,man.source.pig.f0,-0.791578197412767,3-56
57,man.source.pig.f0,-1.15289470947406,3-57
58,man.source.pig.f0,-1.88759300930362,3-58
59,man.source.pig.f0,-0.694693055988433,3-59
60,man.source.pig.f0,-1.34321233368894,3-60
61,man.source.pig.f0,-1.61014852754156,3-61
62,man.source.pig.f0,-0.641744109649073,3-62
63,man.source.pig.f0,-1.21436090210963,3-63
64,man.source.pig.f0,-0.994303052375673,3-64
65,man.source.pig.f0,-0.929896017429958,3-65
66,man.source.pig.f0,-1.13374975153883,3-66
67,man.source.pig.f0,-1.40412227419654,3-67
68,man.source.pig.f0,-2.20927448291815,3-68
69,man.source.pig.f0,-0.0639445618687172,3-69
70,man.source.pig.f0,-0.736574101325311,3-70
1,app.mthd.cs.f0,-4.95958803848137,3-01
2,app.mthd.cs.f0,-4.08276622751273,3-02
3,app.mthd.cs.f0,-3.19900848575889,3-03
4,app.mthd.cs.f0,-5.05301582834532,3-04
5,app.mthd.cs.f0,-6.39066708120382,3-05
6,app.mthd.cs.f0,-7.2636197355222,3-06
7,app.mthd.cs.f0,-2.7935005954865,3-07
8,app.mthd.cs.f0,-5.15840353742457,3-08
9,app.mthd.cs.f0,-4.0666411442942,3-09
10,app.mthd.cs.f0,-6.06046705791879,3-10
11,app.mthd.cs.f0,-5.91797752447656,3-11
12,app.mthd.cs.f0,-3.50049285618603,3-12
13,app.mthd.cs.f0,-5.36836254119684,3-13
14,app.mthd.cs.f0,-3.93531293820944,3-14
15,app.mthd.cs.f0,-3.683029397142,3-15
16,app.mthd.cs.f0,-4.94796683704828,3-16
17,app.mthd.cs.f0,-5.72838893792457,3-17
18,app.mthd.cs.f0,-2.35166441735977,3-18
19,app.mthd.cs.f0,-3.80623234311244,3-19
20,app.mthd.cs.f0,-5.55508245104975,3-20
21,app.mthd.cs.f0,-6.60010938023535,3-21
22,app.mthd.cs.f0,-10.2101980050305,3-22
23,app.mthd.cs.f0,-6.27714428397468,3-23
24,app.mthd.cs.f0,-5.04846940778298,3-24
25,app.mthd.cs.f0,-3.03824891785644,3-25
26,app.mthd.cs.f0,-4.02272073655355,3-26
27,app.mthd.cs.f0,-5.25517225258256,3-27
28,app.mthd.cs.f0,-6.80458493287451,3-28
29,app.mthd.cs.f0,-3.7106726067127,3-29
30,app.mthd.cs.f0,-7.61841251207254,3-30
31,app.mthd.cs.f0,-6.00302995903993,3-31
32,app.mthd.cs.f0,-6.00617393939151,3-32
33,app.mthd.cs.f0,-4.20233000436716,3-33
34,app.mthd.cs.f0,-7.12002799427881,3-34
35,app.mthd.cs.f0,-3.74237483748292,3-35
36,app.mthd.cs.f0,-4.33271540623351,3-36
37,app.mthd.cs.f0,-2.17685100934703,3-37
38,app.mthd.cs.f0,-3.7206562439628,3-38
39,app.mthd.cs.f0,-4.95017609480347,3-39
40,app.mthd.cs.f0,-4.3117194105093,3-40
41,app.mthd.cs.f0,-4.36004519801962,3-41
42,app.mthd.cs.f0,-9.58890497597797,3-42
43,app.mthd.cs.f0,-4.59230971431261,3-43
44,app.mthd.cs.f0,-4.21776849179981,3-44
45,app.mthd.cs.f0,-4.55309758199239,3-45
46,app.mthd.cs.f0,-3.99689509085085,3-46
47,app.mthd.cs.f0,-2.77976178591423,3-47
48,app.mthd.cs.f0,-6.28028417811377,3-48
49,app.mthd.cs.f0,-4.87725110501593,3-49
50,app.mthd.cs.f0,-0.678185264242472,3-50
51,app.mthd.cs.f0,-4.51842951270552,3-51
52,app.mthd.cs.f0,-5.00115728275547,3-52
53,app.mthd.cs.f0,-5.62849113315952,3-53
54,app.mthd.cs.f0,-4.28692208753844,3-54
55,app.mthd.cs.f0,-5.71989397105207,3-55
56,app.mthd.cs.f0,-6.05872161707325,3-56
57,app.mthd.cs.f0,-3.34683456559581,3-57
58,app.mthd.cs.f0,-3.26663586994967,3-58
59,app.mthd.cs.f0,-4.01704960130062,3-59
60,app.mthd.cs.f0,-5.44891033541478,3-60
61,app.mthd.cs.f0,-5.38587078991889,3-61
62,app.mthd.cs.f0,-4.22346376206088,3-62
63,app.mthd.cs.f0,-5.19231883675946,3-63
64,app.mthd.cs.f0,-4.2679747648991,3-64
65,app.mthd.cs.f0,-5.44484995001531,3-65
66,app.mthd.cs.f0,-4.48562761705504,3-66
67,app.mthd.cs.f0,-4.03208598652091,3-67
68,app.mthd.cs.f0,-4.37371344071931,3-68
69,app.mthd.cs.f0,-4.06557523348818,3-69
70,app.mthd.cs.f0,-3.99296350294576,3-70
1,int.r1,-1.03075048973239,3-01
2,int.r1,-0.974966073969921,3-02
3,int.r1,-1.07976766460243,3-03
4,int.r1,-0.825444903727783,3-04
5,int.r1,-1.02678630575661,3-05
6,int.r1,-1.0072996153448,3-06
7,int.r1,-1.09709394269546,3-07
8,int.r1,-1.04313718604494,3-08
9,int.r1,-0.89873471664152,3-09
10,int.r1,-1.05300358337296,3-10
11,int.r1,-1.12233911022911,3-11
12,int.r1,-1.1675767733455,3-12
13,int.r1,-1.05380641764863,3-13
14,int.r1,-0.94774552500148,3-14
15,int.r1,-1.88670725121206,3-15
16,int.r1,-1.14993772693471,3-16
17,int.r1,-0.890222058264812,3-17
18,int.r1,-0.86745034974159,3-18
19,int.r1,-0.793060169356596,3-19
20,int.r1,-1.02745276775286,3-20
21,int.r1,-0.862321665071142,3-21
22,int.r1,-0.666360172443523,3-22
23,int.r1,-0.954577284363246,3-23
24,int.r1,-0.926149005738923,3-24
25,int.r1,-0.923933927671953,3-25
26,int.r1,-0.890941312703131,3-26
27,int.r1,-0.673162627754923,3-27
28,int.r1,-0.848866591319185,3-28
29,int.r1,-0.90230664204998,3-29
30,int.r1,-1.12898069586324,3-30
31,int.r1,-1.04435604679784,3-31
32,int.r1,-0.763355701513788,3-32
33,int.r1,-0.778826111448014,3-33
34,int.r1,-0.725872976635997,3-34
35,int.r1,-0.993947630047805,3-35
36,int.r1,-1.03189056532427,3-36
37,int.r1,-0.705548245954046,3-37
38,int.r1,-0.970639675041405,3-38
39,int.r1,-0.870064086315577,3-39
40,int.r1,-0.9615349181028,3-40
41,int.r1,-0.876253876748495,3-41
42,int.r1,-1.02093611382492,3-42
43,int.r1,-0.966459638438492,3-43
44,int.r1,-1.02025061064837,3-44
45,int.r1,-0.886893815934839,3-45
46,int.r1,-0.777667424829957,3-46
47,int.r1,-0.86866541121065,3-47
48,int.r1,-0.964302659355172,3-48
49,int.r1,-1.05881896733391,3-49
50,int.r1,-1.18613055384833,3-50
51,int.r1,-0.982952830145293,3-51
52,int.r1,-1.08225802910115,3-52
53,int.r1,-0.905314738727807,3-53
54,int.r1,-0.87284761761329,3-54
55,int.r1,-0.912067151231577,3-55
56,int.r1,-0.795279339962787,3-56
57,int.r1,-0.981905043990061,3-57
58,int.r1,-0.785428207312748,3-58
59,int.r1,-0.934672700847099,3-59
60,int.r1,-0.850669869029186,3-60
61,int.r1,-0.905749510218408,3-61
62,int.r1,-0.926495226637543,3-62
63,int.r1,-0.741926510921355,3-63
64,int.r1,-0.952235769107844,3-64
65,int.r1,-0.943818543489937,3-65
66,int.r1,-1.02636384243929,3-66
67,int.r1,-0.960650796500093,3-67
68,int.r1,-0.783214499851354,3-68
69,int.r1,-1.08672883334784,3-69
70,int.r1,-0.940126923301693,3-70
1,app.mthd.bc.r1,0.809548257496801,3-01
2,app.mthd.bc.r1,0.429255974502279,3-02
3,app.mthd.bc.r1,0.611940398259541,3-03
4,app.mthd.bc.r1,0.618487554727702,3-04
5,app.mthd.bc.r1,0.650211531192964,3-05
6,app.mthd.bc.r1,0.834717199304814,3-06
7,app.mthd.bc.r1,0.928940912409303,3-07
8,app.mthd.bc.r1,1.09390063289961,3-08
9,app.mthd.bc.r1,0.741984034674561,3-09
10,app.mthd.bc.r1,0.628746622098374,3-10
11,app.mthd.bc.r1,0.416724052782348,3-11
12,app.mthd.bc.r1,1.26609273863023,3-12
13,app.mthd.bc.r1,0.585789856440522,3-13
14,app.mthd.bc.r1,0.481223333893404,3-14
15,app.mthd.bc.r1,1.15254884082041,3-15
16,app.mthd.bc.r1,0.763152684151632,3-16
17,app.mthd.bc.r1,0.563877121423441,3-17
18,app.mthd.bc.r1,0.715893814372304,3-18
19,app.mthd.bc.r1,0.440150621408946,3-19
20,app.mthd.bc.r1,0.756197249760001,3-20
21,app.mthd.bc.r1,0.56681424366184,3-21
22,app.mthd.bc.r1,0.498703456984775,3-22
23,app.mthd.bc.r1,0.634888969589475,3-23
24,app.mthd.bc.r1,0.888262943391796,3-24
25,app.mthd.bc.r1,0.809640809559311,3-25
26,app.mthd.bc.r1,0.780592385643132,3-26
27,app.mthd.bc.r1,1.3205153368995,3-27
28,app.mthd.bc.r1,0.727008443068223,3-28
29,app.mthd.bc.r1,0.909282786708549,3-29
30,app.mthd.bc.r1,0.956239570332239,3-30
31,app.mthd.bc.r1,0.856516568664299,3-31
32,app.mthd.bc.r1,0.701307001194318,3-32
33,app.mthd.bc.r1,0.553301437279244,3-33
34,app.mthd.bc.r1,0.681763648507254,3-34
35,app.mthd.bc.r1,0.537683608257694,3-35
36,app.mthd.bc.r1,0.427372887515479,3-36
37,app.mthd.bc.r1,0.257610279347309,3-37
38,app.mthd.bc.r1,0.501194722555061,3-38
39,app.mthd.bc.r1,0.645035683867472,3-39
40,app.mthd.bc.r1,0.57355469808847,3-40
41,app.mthd.bc.r1,0.807011977440371,3-41
42,app.mthd.bc.r1,0.691289957130999,3-42
43,app.mthd.bc.r1,0.738237198441954,3-43
44,app.mthd.bc.r1,0.804827556979898,3-44
45,app.mthd.bc.r1,0.778562753887307,3-45
46,app.mthd.bc.r1,0.351513182183114,3-46
47,app.mthd.bc.r1,0.767653608938475,3-47
48,app.mthd.bc.r1,0.797843229619834,3-48
49,app.mthd.bc.r1,0.779953190364503,3-49
50,app.mthd.bc.r1,1.73071025810552,3-50
51,app.mthd.bc.r1,0.514970993045676,3-51
52,app.mthd.bc.r1,0.234777081245715,3-52
53,app.mthd.bc.r1,0.69298333826852,3-53
54,app.mthd.bc.r1,0.735555057704035,3-54
55,app.mthd.bc.r1,0.73608453313871,3-55
56,app.mthd.bc.r1,0.326714689247069,3-56
57,app.mthd.bc.r1,0.559252317310841,3-57
58,app.mthd.bc.r1,0.435771435733552,3-58
59,app.mthd.bc.r1,0.767963909040305,3-59
60,app.mthd.bc.r1,0.685564520231126,3-60
61,app.mthd.bc.r1,0.541896251303555,3-61
62,app.mthd.bc.r1,0.681500403933369,3-62
63,app.mthd.bc.r1,0.627668401515435,3-63
64,app.mthd.bc.r1,0.568621912032185,3-64
65,app.mthd.bc.r1,0.75416063723083,3-65
66,app.mthd.bc.r1,0.788632062348491,3-66
67,app.mthd.bc.r1,0.932227761736248,3-67
68,app.mthd.bc.r1,0.743027087835793,3-68
69,app.mthd.bc.r1,0.933198567566778,3-69
70,app.mthd.bc.r1,0.739867870079442,3-70
1,man.dm.r1,-0.216862211111302,3-01
2,man.dm.r1,-0.188270296066681,3-02
3,man.dm.r1,-0.161728218104249,3-03
4,man.dm.r1,-0.194044727230114,3-04
5,man.dm.r1,-0.127207587057715,3-05
6,man.dm.r1,-0.169803442044811,3-06
7,man.dm.r1,-0.286092608793524,3-07
8,man.dm.r1,-0.191063447014923,3-08
9,man.dm.r1,-0.16336788174939,3-09
10,man.dm.r1,-0.18500960334934,3-10
11,man.dm.r1,-0.188474578458687,3-11
12,man.dm.r1,-0.106272892013891,3-12
13,man.dm.r1,-0.204705552119072,3-13
14,man.dm.r1,-0.146242298680576,3-14
15,man.dm.r1,0.345809976133955,3-15
16,man.dm.r1,-0.153176463766426,3-16
17,man.dm.r1,-0.157483688812613,3-17
18,man.dm.r1,-0.248633289513531,3-18
19,man.dm.r1,-0.209929829517719,3-19
20,man.dm.r1,-0.12429978906112,3-20
21,man.dm.r1,-0.158087579212816,3-21
22,man.dm.r1,-0.178699432113484,3-22
23,man.dm.r1,-0.157993964433358,3-23
24,man.dm.r1,-0.219070459540163,3-24
25,man.dm.r1,-0.187740209285374,3-25
26,man.dm.r1,-0.147664523507881,3-26
27,man.dm.r1,-0.232236675982626,3-27
28,man.dm.r1,-0.199119171228674,3-28
29,man.dm.r1,-0.239287196572713,3-29
30,man.dm.r1,-0.173439002855543,3-30
31,man.dm.r1,-0.144108694662329,3-31
32,man.dm.r1,-0.189112504900146,3-32
33,man.dm.r1,-0.163228266039829,3-33
34,man.dm.r1,-0.201418501991393,3-34
35,man.dm.r1,-0.258511626090989,3-35
36,man.dm.r1,-0.218520749096614,3-36
37,man.dm.r1,-0.285307979768369,3-37
38,man.dm.r1,-0.16008722313801,3-38
39,man.dm.r1,-0.135957790260199,3-39
40,man.dm.r1,-0.209016817836891,3-40
41,man.dm.r1,-0.206718421091531,3-41
42,man.dm.r1,-0.155498854746015,3-42
43,man.dm.r1,-0.189097772972242,3-43
44,man.dm.r1,-0.155708824215945,3-44
45,man.dm.r1,-0.184340404487675,3-45
46,man.dm.r1,-0.186656062720784,3-46
47,man.dm.r1,-0.188360366767427,3-47
48,man.dm.r1,-0.193271372106984,3-48
49,man.dm.r1,-0.210615794739214,3-49
50,man.dm.r1,-0.199816181420181,3-50
51,man.dm.r1,-0.188812335724536,3-51
52,man.dm.r1,-0.221545431661534,3-52
53,man.dm.r1,-0.201276820038654,3-53
54,man.dm.r1,-0.262073110823773,3-54
55,man.dm.r1,-0.168451921276722,3-55
56,man.dm.r1,-0.148790847485037,3-56
57,man.dm.r1,-0.168600901806661,3-57
58,man.dm.r1,-0.164332675195293,3-58
59,man.dm.r1,-0.210119566164437,3-59
60,man.dm.r1,-0.175180193944558,3-60
61,man.dm.r1,-0.183960968617885,3-61
62,man.dm.r1,-0.180999358997027,3-62
63,man.dm.r1,-0.168650198545319,3-63
64,man.dm.r1,-0.167223688483612,3-64
65,man.dm.r1,-0.1660923811015,3-65
66,man.dm.r1,-0.113469424762672,3-66
67,man.dm.r1,-0.143379428890271,3-67
68,man.dm.r1,-0.177036365370685,3-68
69,man.dm.r1,-0.189985725530356,3-69
70,man.dm.r1,-0.244939726457412,3-70
1,air.temp.r1,0.0525034362251376,3-01
2,air.temp.r1,0.0629255064578818,3-02
3,air.temp.r1,0.0501787248512376,3-03
4,air.temp.r1,0.0523494982068168,3-04
5,air.temp.r1,0.0329305618823847,3-05
6,air.temp.r1,0.0369020870703271,3-06
7,air.temp.r1,0.0791201929356617,3-07
8,air.temp.r1,0.0709523305395903,3-08
9,air.temp.r1,0.0442503372715498,3-09
10,air.temp.r1,0.0664734799721346,3-10
11,air.temp.r1,0.0566206440697175,3-11
12,air.temp.r1,0.0656658106045024,3-12
13,air.temp.r1,0.0474088104271641,3-13
14,air.temp.r1,0.0526540678621597,3-14
15,air.temp.r1,0.00990645066439915,3-15
16,air.temp.r1,0.0314212812127914,3-16
17,air.temp.r1,0.0585656768730665,3-17
18,air.temp.r1,0.0618193597693744,3-18
19,air.temp.r1,0.0565255996246638,3-19
20,air.temp.r1,0.0421854021511072,3-20
21,air.temp.r1,0.0286219225346545,3-21
22,air.temp.r1,0.0360809176374623,3-22
23,air.temp.r1,0.0376531638420899,3-23
24,air.temp.r1,0.0455142195365,3-24
25,air.temp.r1,0.07894962778153,3-25
26,air.temp.r1,0.0455884091772333,3-26
27,air.temp.r1,0.0613029257706086,3-27
28,air.temp.r1,0.044292364495569,3-28
29,air.temp.r1,0.0583597235564953,3-29
30,air.temp.r1,0.0455477422282855,3-30
31,air.temp.r1,0.0464753854058648,3-31
32,air.temp.r1,0.0390586772641733,3-32
33,air.temp.r1,0.043712405252894,3-33
34,air.temp.r1,0.048029426258984,3-34
35,air.temp.r1,0.0729473961918243,3-35
36,air.temp.r1,0.0685028583675804,3-36
37,air.temp.r1,0.0561852634724809,3-37
38,air.temp.r1,0.0590972585567788,3-38
39,air.temp.r1,0.0400084596197361,3-39
40,air.temp.r1,0.0502027453034608,3-40
41,air.temp.r1,0.0437717679640618,3-41
42,air.temp.r1,0.0717909655564189,3-42
43,air.temp.r1,0.0471859894462985,3-43
44,air.temp.r1,0.0400419022525947,3-44
45,air.temp.r1,0.0463299019678848,3-45
46,air.temp.r1,0.0493741187090154,3-46
47,air.temp.r1,0.0521333322482705,3-47
48,air.temp.r1,0.0520682853374854,3-48
49,air.temp.r1,0.0518323868199704,3-49
50,air.temp.r1,0.0537658791327083,3-50
51,air.temp.r1,0.0423067381071956,3-51
52,air.temp.r1,0.0627193301110306,3-52
53,air.temp.r1,0.0401236295842816,3-53
54,air.temp.r1,0.0655390910870452,3-54
55,air.temp.r1,0.0386081648219625,3-55
56,air.temp.r1,0.0493169365358695,3-56
57,air.temp.r1,0.052154905997055,3-57
58,air.temp.r1,0.0577363775058503,3-58
59,air.temp.r1,0.0468314273823864,3-59
60,air.temp.r1,0.0478736940595042,3-60
61,air.temp.r1,0.0406877163636031,3-61
62,air.temp.r1,0.0416355839610705,3-62
63,air.temp.r1,0.0401090105065361,3-63
64,air.temp.r1,0.0505084825253978,3-64
65,air.temp.r1,0.0353739038252244,3-65
66,air.temp.r1,0.0474120222303513,3-66
67,air.temp.r1,0.0764103603360514,3-67
68,air.temp.r1,0.0493067694362064,3-68
69,air.temp.r1,0.0406574125273611,3-69
70,air.temp.r1,0.056575990516737,3-70
1,wind.2m.r1,0.21200131890341,3-01
2,wind.2m.r1,0.152078726129121,3-02
3,wind.2m.r1,0.161444300832675,3-03
4,wind.2m.r1,0.18839705004437,3-04
5,wind.2m.r1,0.163801591281854,3-05
6,wind.2m.r1,0.246790349526821,3-06
7,wind.2m.r1,0.205129684926084,3-07
8,wind.2m.r1,0.175731979665542,3-08
9,wind.2m.r1,0.17862607754399,3-09
10,wind.2m.r1,0.147444613995983,3-10
11,wind.2m.r1,0.201395072695802,3-11
12,wind.2m.r1,0.232636515342527,3-12
13,wind.2m.r1,0.101756360118376,3-13
14,wind.2m.r1,0.114262382666466,3-14
15,wind.2m.r1,0.547512941686791,3-15
16,wind.2m.r1,0.107548321224577,3-16
17,wind.2m.r1,0.0957563621026704,3-17
18,wind.2m.r1,0.14976055019367,3-18
19,wind.2m.r1,0.151328710515811,3-19
20,wind.2m.r1,0.177476298301986,3-20
21,wind.2m.r1,0.070579641451976,3-21
22,wind.2m.r1,0.106969654125035,3-22
23,wind.2m.r1,0.114115283769302,3-23
24,wind.2m.r1,0.182790343511077,3-24
25,wind.2m.r1,0.191540327340219,3-25
26,wind.2m.r1,0.194967868969953,3-26
27,wind.2m.r1,0.358733062945341,3-27
28,wind.2m.r1,0.212467585412897,3-28
29,wind.2m.r1,0.17125483841921,3-29
30,wind.2m.r1,0.187375491724007,3-30
31,wind.2m.r1,0.169355507660151,3-31
32,wind.2m.r1,0.190338624410418,3-32
33,wind.2m.r1,0.140797355332408,3-33
34,wind.2m.r1,0.194189530679876,3-34
35,wind.2m.r1,0.106231459309677,3-35
36,wind.2m.r1,0.130842339629336,3-36
37,wind.2m.r1,0.144898322751404,3-37
38,wind.2m.r1,0.13392638795356,3-38
39,wind.2m.r1,0.177085821111776,3-39
40,wind.2m.r1,0.133886620746366,3-40
41,wind.2m.r1,0.194786482369571,3-41
42,wind.2m.r1,0.179636210580212,3-42
43,wind.2m.r1,0.185833722980687,3-43
44,wind.2m.r1,0.160219404075011,3-44
45,wind.2m.r1,0.174315397439511,3-45
46,wind.2m.r1,0.115282289105979,3-46
47,wind.2m.r1,0.104787725757234,3-47
48,wind.2m.r1,0.196766329348467,3-48
49,wind.2m.r1,0.166744584107433,3-49
50,wind.2m.r1,0.482957775897047,3-50
51,wind.2m.r1,0.132354872098486,3-51
52,wind.2m.r1,0.146919640384936,3-52
53,wind.2m.r1,0.189091092826152,3-53
54,wind.2m.r1,0.148719741143703,3-54
55,wind.2m.r1,0.172207647128012,3-55
56,wind.2m.r1,0.0787998686277448,3-56
57,wind.2m.r1,0.117698945928863,3-57
58,wind.2m.r1,0.138332212633746,3-58
59,wind.2m.r1,0.180534892822814,3-59
60,wind.2m.r1,0.182062431661125,3-60
61,wind.2m.r1,0.165551554098056,3-61
62,wind.2m.r1,0.181930699129291,3-62
63,wind.2m.r1,0.174516831563944,3-63
64,wind.2m.r1,0.127006473332686,3-64
65,wind.2m.r1,0.230175208196014,3-65
66,wind.2m.r1,0.158604546149094,3-66
67,wind.2m.r1,0.320578205075267,3-67
68,wind.2m.r1,0.184107716323462,3-68
69,wind.2m.r1,0.206883548680362,3-69
70,wind.2m.r1,0.22460505392229,3-70
1,app.mthd.ts.r1,-0.203864191939397,3-01
2,app.mthd.ts.r1,-0.215575645361222,3-02
3,app.mthd.ts.r1,-0.112197100335879,3-03
4,app.mthd.ts.r1,-0.340298498559351,3-04
5,app.mthd.ts.r1,-0.260716241235137,3-05
6,app.mthd.ts.r1,-0.307842356075382,3-06
7,app.mthd.ts.r1,-0.166192093456317,3-07
8,app.mthd.ts.r1,-0.0898069475228839,3-08
9,app.mthd.ts.r1,-0.298656471312609,3-09
10,app.mthd.ts.r1,-0.257631906715879,3-10
11,app.mthd.ts.r1,-1.4284721344932,3-11
12,app.mthd.ts.r1,-0.161061906172201,3-12
13,app.mthd.ts.r1,-0.368206700136735,3-13
14,app.mthd.ts.r1,-0.229333728977549,3-14
15,app.mthd.ts.r1,-0.997026560098539,3-15
16,app.mthd.ts.r1,-0.259256732048514,3-16
17,app.mthd.ts.r1,-0.36443804967904,3-17
18,app.mthd.ts.r1,-0.123318295174698,3-18
19,app.mthd.ts.r1,-0.806293952429582,3-19
20,app.mthd.ts.r1,-0.23777667123925,3-20
21,app.mthd.ts.r1,-0.588297839318946,3-21
22,app.mthd.ts.r1,-0.642497801397434,3-22
23,app.mthd.ts.r1,-0.206785920357278,3-23
24,app.mthd.ts.r1,-0.203316834704195,3-24
25,app.mthd.ts.r1,-0.293202805545911,3-25
26,app.mthd.ts.r1,-0.408091932088978,3-26
27,app.mthd.ts.r1,-0.620546065162922,3-27
28,app.mthd.ts.r1,-0.376840813423742,3-28
29,app.mthd.ts.r1,-0.437400757592946,3-29
30,app.mthd.ts.r1,-0.133910034957791,3-30
31,app.mthd.ts.r1,-0.204582907795602,3-31
32,app.mthd.ts.r1,-0.293664392430729,3-32
33,app.mthd.ts.r1,-0.320388610332129,3-33
34,app.mthd.ts.r1,-0.427452164948878,3-34
35,app.mthd.ts.r1,-0.0722051159781899,3-35
36,app.mthd.ts.r1,-0.205075285767444,3-36
37,app.mthd.ts.r1,-0.376090106450034,3-37
38,app.mthd.ts.r1,-0.218088631490601,3-38
39,app.mthd.ts.r1,-0.410850528599005,3-39
40,app.mthd.ts.r1,-0.133523385796686,3-40
41,app.mthd.ts.r1,-0.303764408490054,3-41
42,app.mthd.ts.r1,-0.275998952453276,3-42
43,app.mthd.ts.r1,-0.303918776966027,3-43
44,app.mthd.ts.r1,-0.143892636226728,3-44
45,app.mthd.ts.r1,-0.276396336022203,3-45
46,app.mthd.ts.r1,-0.185850342628306,3-46
47,app.mthd.ts.r1,-0.214929050476554,3-47
48,app.mthd.ts.r1,-0.295944943773192,3-48
49,app.mthd.ts.r1,-0.209796073625852,3-49
50,app.mthd.ts.r1,-0.214602513876466,3-50
51,app.mthd.ts.r1,-0.115578011282606,3-51
52,app.mthd.ts.r1,-0.161274710700478,3-52
53,app.mthd.ts.r1,-0.288504160342522,3-53
54,app.mthd.ts.r1,-0.148831430021394,3-54
55,app.mthd.ts.r1,-0.310426958146337,3-55
56,app.mthd.ts.r1,-0.065411234847119,3-56
57,app.mthd.ts.r1,-0.240263608675438,3-57
58,app.mthd.ts.r1,-0.424193931484904,3-58
59,app.mthd.ts.r1,-0.225121888583561,3-59
60,app.mthd.ts.r1,-0.307788032028872,3-60
61,app.mthd.ts.r1,-0.365844788624254,3-61
62,app.mthd.ts.r1,-0.299174043784917,3-62
63,app.mthd.ts.r1,-0.387592280108839,3-63
64,app.mthd.ts.r1,-0.202602084629447,3-64
65,app.mthd.ts.r1,-0.27510380676086,3-65
66,app.mthd.ts.r1,-0.24842084942852,3-66
67,app.mthd.ts.r1,-0.440772592267691,3-67
68,app.mthd.ts.r1,-0.341400230920535,3-68
69,app.mthd.ts.r1,-0.0311255661905219,3-69
70,app.mthd.ts.r1,-0.220332724500823,3-70
1,int.r2,-1.31688796750935,3-01
2,int.r2,-0.927910847990665,3-02
3,int.r2,-1.22053709752306,3-03
4,int.r2,-1.31369777998669,3-04
5,int.r2,-1.05055534060512,3-05
6,int.r2,-1.07974236782289,3-06
7,int.r2,-1.30011645536624,3-07
8,int.r2,-1.56185591017498,3-08
9,int.r2,-1.30059587354819,3-09
10,int.r2,-1.30534954968253,3-10
11,int.r2,-1.43059160252022,3-11
12,int.r2,-1.68566647072413,3-12
13,int.r2,-1.58410022526132,3-13
14,int.r2,-1.01683535840039,3-14
15,int.r2,-1.88621434901629,3-15
16,int.r2,-1.04335530035253,3-16
17,int.r2,-1.22670252273152,3-17
18,int.r2,-0.79583731943762,3-18
19,int.r2,-1.00221658017569,3-19
20,int.r2,-1.15096975943632,3-20
21,int.r2,-0.956725950663978,3-21
22,int.r2,-0.807717018137163,3-22
23,int.r2,-1.03939179310258,3-23
24,int.r2,-1.23249014982351,3-24
25,int.r2,-1.57460503308865,3-25
26,int.r2,-1.26010578067157,3-26
27,int.r2,-2.46299986804047,3-27
28,int.r2,-1.1923922866217,3-28
29,int.r2,-1.15131124411681,3-29
30,int.r2,-1.28282963040453,3-30
31,int.r2,-1.51794376542682,3-31
32,int.r2,-1.05525590319075,3-32
33,int.r2,-1.16275398768855,3-33
34,int.r2,-1.06269127390682,3-34
35,int.r2,-1.29583631008666,3-35
36,int.r2,-1.29591527212028,3-36
37,int.r2,-1.49964667263069,3-37
38,int.r2,-1.09039140531155,3-38
39,int.r2,-0.98011969943395,3-39
40,int.r2,-1.30708391147818,3-40
41,int.r2,-1.61346080410122,3-41
42,int.r2,-1.57954970288163,3-42
43,int.r2,-1.2448268338363,3-43
44,int.r2,-1.04646199087967,3-44
45,int.r2,-1.23739824360492,3-45
46,int.r2,-0.971744213985001,3-46
47,int.r2,-1.084629206327,3-47
48,int.r2,-1.53026145836221,3-48
49,int.r2,-1.27957124632909,3-49
50,int.r2,-2.21889114367904,3-50
51,int.r2,-1.10747567603592,3-51
52,int.r2,-1.34206530000163,3-52
53,int.r2,-1.39574742637782,3-53
54,int.r2,-1.09283977653488,3-54
55,int.r2,-1.24095102945577,3-55
56,int.r2,-0.798749169617398,3-56
57,int.r2,-1.12044106985412,3-57
58,int.r2,-0.993345447671281,3-58
59,int.r2,-1.37740318601982,3-59
60,int.r2,-1.10517529349356,3-60
61,int.r2,-1.00405043031351,3-61
62,int.r2,-1.43096462105418,3-62
63,int.r2,-0.929363704801901,3-63
64,int.r2,-1.12894793765203,3-64
65,int.r2,-1.02892952871964,3-65
66,int.r2,-1.38205096228889,3-66
67,int.r2,-1.5399556058964,3-67
68,int.r2,-1.09047404552922,3-68
69,int.r2,-1.11529099134323,3-69
70,int.r2,-1.29492791569405,3-70
1,rain.rate.r2,0.292667390411641,3-01
2,rain.rate.r2,0.241089985677868,3-02
3,rain.rate.r2,0.469133237552259,3-03
4,rain.rate.r2,-0.0382322964240823,3-04
5,rain.rate.r2,0.549164483284267,3-05
6,rain.rate.r2,0.480536781471754,3-06
7,rain.rate.r2,0.377273410149691,3-07
8,rain.rate.r2,0.44288189610614,3-08
9,rain.rate.r2,0.337554230275292,3-09
10,rain.rate.r2,0.423321874244675,3-10
11,rain.rate.r2,0.588804825891077,3-11
12,rain.rate.r2,0.313724589719083,3-12
13,rain.rate.r2,0.8182056836915,3-13
14,rain.rate.r2,0.280637985214575,3-14
15,rain.rate.r2,-2.87393545728464,3-15
16,rain.rate.r2,0.577886366806462,3-16
17,rain.rate.r2,0.182663316111794,3-17
18,rain.rate.r2,0.0953072781074959,3-18
19,rain.rate.r2,0.718868917089876,3-19
20,rain.rate.r2,0.238345352034816,3-20
21,rain.rate.r2,2.78021161952974,3-21
22,rain.rate.r2,3.23899983651738,3-22
23,rain.rate.r2,0.772629234014286,3-23
24,rain.rate.r2,0.355362570862166,3-24
25,rain.rate.r2,-0.50359490734322,3-25
26,rain.rate.r2,0.410913806457421,3-26
27,rain.rate.r2,0.700833199468875,3-27
28,rain.rate.r2,0.157798781179093,3-28
29,rain.rate.r2,-3.27718887278845,3-29
30,rain.rate.r2,0.334812347525616,3-30
31,rain.rate.r2,0.470220378643009,3-31
32,rain.rate.r2,0.222721772489605,3-32
33,rain.rate.r2,0.409031951324612,3-33
34,rain.rate.r2,-0.288917280716758,3-34
35,rain.rate.r2,0.335078561697079,3-35
36,rain.rate.r2,0.452408457493072,3-36
37,rain.rate.r2,0.601590421231455,3-37
38,rain.rate.r2,0.228707225958941,3-38
39,rain.rate.r2,1.31625723214243,3-39
40,rain.rate.r2,0.611598776152816,3-40
41,rain.rate.r2,0.269879960288139,3-41
42,rain.rate.r2,0.480437445720851,3-42
43,rain.rate.r2,0.269788118614161,3-43
44,rain.rate.r2,0.28693402157484,3-44
45,rain.rate.r2,0.319988963614873,3-45
46,rain.rate.r2,0.208220823260842,3-46
47,rain.rate.r2,0.231873381261805,3-47
48,rain.rate.r2,0.493170592985136,3-48
49,rain.rate.r2,0.452739984431589,3-49
50,rain.rate.r2,-0.394319655087751,3-50
51,rain.rate.r2,0.273112206020169,3-51
52,rain.rate.r2,0.416927858723676,3-52
53,rain.rate.r2,0.357683521883861,3-53
54,rain.rate.r2,0.226492564548711,3-54
55,rain.rate.r2,0.614877542570465,3-55
56,rain.rate.r2,-0.0174067719437627,3-56
57,rain.rate.r2,0.250962009678046,3-57
58,rain.rate.r2,0.246702228728982,3-58
59,rain.rate.r2,0.48060818598741,3-59
60,rain.rate.r2,0.219803594732035,3-60
61,rain.rate.r2,0.0827986299701605,3-61
62,rain.rate.r2,0.81240141251318,3-62
63,rain.rate.r2,0.159901200383857,3-63
64,rain.rate.r2,0.355623456854711,3-64
65,rain.rate.r2,0.826340373842148,3-65
66,rain.rate.r2,0.307382295851455,3-66
67,rain.rate.r2,0.489214990447298,3-67
68,rain.rate.r2,0.187708550083797,3-68
69,rain.rate.r2,0.237454989213851,3-69
70,rain.rate.r2,0.617697235685789,3-70
1,int.r3,-2.73027469788213,3-01
2,int.r3,-2.4434964517175,3-02
3,int.r3,-2.36699557588445,3-03
4,int.r3,-2.67470512853987,3-04
5,int.r3,-2.7153793729285,3-05
6,int.r3,-2.51567483088336,3-06
7,int.r3,-2.38006598465977,3-07
8,int.r3,-2.57150598340073,3-08
9,int.r3,-2.80688420974403,3-09
10,int.r3,-2.75196309998878,3-10
11,int.r3,-2.87246007337654,3-11
12,int.r3,-2.21417801446923,3-12
13,int.r3,-2.78402731424605,3-13
14,int.r3,-2.76102203149561,3-14
15,int.r3,-1.88983157392651,3-15
16,int.r3,-2.80457973602836,3-16
17,int.r3,-2.66991926272841,3-17
18,int.r3,-2.59380963291588,3-18
19,int.r3,-2.67064652920978,3-19
20,int.r3,-2.57628748510914,3-20
21,int.r3,-2.45356160751713,3-21
22,int.r3,-2.2776310912103,3-22
23,int.r3,-2.48754571063383,3-23
24,int.r3,-2.75223535190712,3-24
25,int.r3,-2.49126324130769,3-25
26,int.r3,-2.49912789667397,3-26
27,int.r3,-2.07037169252203,3-27
28,int.r3,-2.46707207757718,3-28
29,int.r3,-2.65274511309182,3-29
30,int.r3,-2.61178907083164,3-30
31,int.r3,-2.7128556578169,3-31
32,int.r3,-2.57637895758247,3-32
33,int.r3,-2.72378973698948,3-33
34,int.r3,-2.66646763946385,3-34
35,int.r3,-2.78526005633905,3-35
36,int.r3,-2.79489217601134,3-36
37,int.r3,-2.74771188323497,3-37
38,int.r3,-2.70283610738281,3-38
39,int.r3,-2.53608119736956,3-39
40,int.r3,-2.67016583508932,3-40
41,int.r3,-2.73885921519542,3-41
42,int.r3,-2.56561742608281,3-42
43,int.r3,-2.61891714454088,3-43
44,int.r3,-2.56124413171924,3-44
45,int.r3,-2.71640521668785,3-45
46,int.r3,-2.82574051579592,3-46
47,int.r3,-2.69089748136458,3-47
48,int.r3,-2.76008979363281,3-48
49,int.r3,-2.59426848263892,3-49
50,int.r3,-1.91095372955893,3-50
51,int.r3,-2.82236899097686,3-51
52,int.r3,-2.73683457009348,3-52
53,int.r3,-2.52243460641577,3-53
54,int.r3,-2.6787433968816,3-54
55,int.r3,-2.71797512233218,3-55
56,int.r3,-2.8479807110514,3-56
57,int.r3,-2.78124587931985,3-57
58,int.r3,-2.66280879182311,3-58
59,int.r3,-2.75953384371443,3-59
60,int.r3,-2.69088633680888,3-60
61,int.r3,-2.84846892187813,3-61
62,int.r3,-2.71189328333387,3-62
63,int.r3,-2.60973293863534,3-63
64,int.r3,-2.72371583320073,3-64
65,int.r3,-2.81615320765352,3-65
66,int.r3,-2.92179029560356,3-66
67,int.r3,-2.266797268389,3-67
68,int.r3,-2.406903516695,3-68
69,int.r3,-2.72652694983115,3-69
70,int.r3,-2.46410518256522,3-70
1,app.mthd.bc.r3,0.623620989379652,3-01
2,app.mthd.bc.r3,0.446423670204911,3-02
3,app.mthd.bc.r3,0.638888168518425,3-03
4,app.mthd.bc.r3,0.56275211705819,3-04
5,app.mthd.bc.r3,0.693150700761374,3-05
6,app.mthd.bc.r3,0.20412263440868,3-06
7,app.mthd.bc.r3,0.526573743764006,3-07
8,app.mthd.bc.r3,0.960599680985342,3-08
9,app.mthd.bc.r3,0.571618028940834,3-09
10,app.mthd.bc.r3,0.561237934231686,3-10
11,app.mthd.bc.r3,0.614940357147736,3-11
12,app.mthd.bc.r3,1.0056426628441,3-12
13,app.mthd.bc.r3,0.497403207080959,3-13
14,app.mthd.bc.r3,0.552927640314895,3-14
15,app.mthd.bc.r3,1.01858965168067,3-15
16,app.mthd.bc.r3,0.614058097429881,3-16
17,app.mthd.bc.r3,0.775095666696604,3-17
18,app.mthd.bc.r3,0.679263914137615,3-18
19,app.mthd.bc.r3,0.523815647216032,3-19
20,app.mthd.bc.r3,0.61191007204004,3-20
21,app.mthd.bc.r3,0.387962176784247,3-21
22,app.mthd.bc.r3,0.671932447075959,3-22
23,app.mthd.bc.r3,0.746186829683114,3-23
24,app.mthd.bc.r3,0.69959362520474,3-24
25,app.mthd.bc.r3,0.946588316923341,3-25
26,app.mthd.bc.r3,0.988578205415519,3-26
27,app.mthd.bc.r3,0.949377387514236,3-27
28,app.mthd.bc.r3,0.367982760221728,3-28
29,app.mthd.bc.r3,0.646751853346297,3-29
30,app.mthd.bc.r3,0.549397507833536,3-30
31,app.mthd.bc.r3,0.381575568056959,3-31
32,app.mthd.bc.r3,0.422065871503599,3-32
33,app.mthd.bc.r3,0.525720286696262,3-33
34,app.mthd.bc.r3,0.594393895165067,3-34
35,app.mthd.bc.r3,0.52396040789669,3-35
36,app.mthd.bc.r3,0.722884042513013,3-36
37,app.mthd.bc.r3,0.396238422704096,3-37
38,app.mthd.bc.r3,0.691999919411012,3-38
39,app.mthd.bc.r3,0.710849925548648,3-39
40,app.mthd.bc.r3,0.354019770258453,3-40
41,app.mthd.bc.r3,0.56547930643031,3-41
42,app.mthd.bc.r3,0.769654017984569,3-42
43,app.mthd.bc.r3,0.385639493642961,3-43
44,app.mthd.bc.r3,0.557804309241208,3-44
45,app.mthd.bc.r3,0.650100381376667,3-45
46,app.mthd.bc.r3,0.563169145792995,3-46
47,app.mthd.bc.r3,0.854150001432859,3-47
48,app.mthd.bc.r3,0.457802905384431,3-48
49,app.mthd.bc.r3,0.523827314672996,3-49
50,app.mthd.bc.r3,0.948261267767134,3-50
51,app.mthd.bc.r3,0.356175451625579,3-51
52,app.mthd.bc.r3,0.45223111624608,3-52
53,app.mthd.bc.r3,0.424586554465583,3-53
54,app.mthd.bc.r3,0.646894437548325,3-54
55,app.mthd.bc.r3,0.396773699656585,3-55
56,app.mthd.bc.r3,0.524870732322563,3-56
57,app.mthd.bc.r3,0.685429993840266,3-57
58,app.mthd.bc.r3,0.720801067887999,3-58
59,app.mthd.bc.r3,0.427618154487787,3-59
60,app.mthd.bc.r3,0.684947336387891,3-60
61,app.mthd.bc.r3,0.714011455943302,3-61
62,app.mthd.bc.r3,0.358533914374997,3-62
63,app.mthd.bc.r3,0.510062665419761,3-63
64,app.mthd.bc.r3,0.392353174785822,3-64
65,app.mthd.bc.r3,0.550631920004937,3-65
66,app.mthd.bc.r3,0.793944890190317,3-66
67,app.mthd.bc.r3,0.901618013755619,3-67
68,app.mthd.bc.r3,0.879636238626736,3-68
69,app.mthd.bc.r3,0.531070895304383,3-69
70,app.mthd.bc.r3,0.506059531607112,3-70
1,app.mthd.cs.r3,-0.122078092435116,3-01
2,app.mthd.cs.r3,-1.04896068475161,3-02
3,app.mthd.cs.r3,-0.971249926952752,3-03
4,app.mthd.cs.r3,-0.262160172938429,3-04
5,app.mthd.cs.r3,-0.195994367040616,3-05
6,app.mthd.cs.r3,-0.248205433682417,3-06
7,app.mthd.cs.r3,-0.306736608833672,3-07
8,app.mthd.cs.r3,-0.221537119949021,3-08
9,app.mthd.cs.r3,-0.192912026049323,3-09
10,app.mthd.cs.r3,-0.150455095049526,3-10
11,app.mthd.cs.r3,-0.0815630213392836,3-11
12,app.mthd.cs.r3,-0.560135351817257,3-12
13,app.mthd.cs.r3,-0.0689249817509194,3-13
14,app.mthd.cs.r3,-0.112268149527738,3-14
15,app.mthd.cs.r3,-2.93447066252841,3-15
16,app.mthd.cs.r3,-0.317996303825384,3-16
17,app.mthd.cs.r3,-2.34757134798786,3-17
18,app.mthd.cs.r3,-0.280001359217024,3-18
19,app.mthd.cs.r3,-0.0697664077818617,3-19
20,app.mthd.cs.r3,-0.261433519395008,3-20
21,app.mthd.cs.r3,-1.46620559821554,3-21
22,app.mthd.cs.r3,-0.359196029545093,3-22
23,app.mthd.cs.r3,-0.634036771407347,3-23
24,app.mthd.cs.r3,-0.491638077321253,3-24
25,app.mthd.cs.r3,-0.298805353363728,3-25
26,app.mthd.cs.r3,-0.282329244580685,3-26
27,app.mthd.cs.r3,-1.01688912079815,3-27
28,app.mthd.cs.r3,-0.927128353617464,3-28
29,app.mthd.cs.r3,-0.257714056958998,3-29
30,app.mthd.cs.r3,-0.644923135159147,3-30
31,app.mthd.cs.r3,-0.261446185399684,3-31
32,app.mthd.cs.r3,-0.4523435569848,3-32
33,app.mthd.cs.r3,-0.414681471409851,3-33
34,app.mthd.cs.r3,-0.380095616932247,3-34
35,app.mthd.cs.r3,-0.0630879328084386,3-35
36,app.mthd.cs.r3,-0.055343408970939,3-36
37,app.mthd.cs.r3,-0.216847377540509,3-37
38,app.mthd.cs.r3,-1.96869163482644,3-38
39,app.mthd.cs.r3,-0.322873092973568,3-39
40,app.mthd.cs.r3,-0.163745368143678,3-40
41,app.mthd.cs.r3,-0.157471284770335,3-41
42,app.mthd.cs.r3,-0.180836261804163,3-42
43,app.mthd.cs.r3,-0.236449787587888,3-43
44,app.mthd.cs.r3,-0.405595363391848,3-44
45,app.mthd.cs.r3,-0.205259264659035,3-45
46,app.mthd.cs.r3,-0.900797376805877,3-46
47,app.mthd.cs.r3,-0.265138254486512,3-47
48,app.mthd.cs.r3,-0.127276610277245,3-48
49,app.mthd.cs.r3,-0.153658359481447,3-49
50,app.mthd.cs.r3,-2.94341429100595,3-50
51,app.mthd.cs.r3,-2.54137392488703,3-51
52,app.mthd.cs.r3,-0.0680181957472514,3-52
53,app.mthd.cs.r3,-0.222943843442117,3-53
54,app.mthd.cs.r3,-0.277161570284349,3-54
55,app.mthd.cs.r3,-0.212460253003122,3-55
56,app.mthd.cs.r3,-0.711306364677834,3-56
57,app.mthd.cs.r3,-0.183192855722257,3-57
58,app.mthd.cs.r3,-0.716482007086435,3-58
59,app.mthd.cs.r3,-0.123493374317447,3-59
60,app.mthd.cs.r3,-0.307281280120293,3-60
61,app.mthd.cs.r3,-0.136711617968324,3-61
62,app.mthd.cs.r3,-0.174516001192382,3-62
63,app.mthd.cs.r3,-0.538851465876495,3-63
64,app.mthd.cs.r3,-0.0185734482301442,3-64
65,app.mthd.cs.r3,-0.28928616361114,3-65
66,app.mthd.cs.r3,-0.352199360447281,3-66
67,app.mthd.cs.r3,-0.428368544945016,3-67
68,app.mthd.cs.r3,-1.36060649307342,3-68
69,app.mthd.cs.r3,-0.905974991436509,3-69
70,app.mthd.cs.r3,-0.24431073272731,3-70
1,int.r5,-1.93705927372716,3-01
2,int.r5,-1.58214646756094,3-02
3,int.r5,-1.40876170682666,3-03
4,int.r5,-1.92437494032597,3-04
5,int.r5,-1.79473815112416,3-05
6,int.r5,-1.80213662521247,3-06
7,int.r5,-1.59207154720801,3-07
8,int.r5,-1.6618064485605,3-08
9,int.r5,-1.94612914390625,3-09
10,int.r5,-1.86260047698123,3-10
11,int.r5,-2.26783217198109,3-11
12,int.r5,-1.27062066502665,3-12
13,int.r5,-1.69294094238336,3-13
14,int.r5,-1.91499828161868,3-14
15,int.r5,-0.979647405767422,3-15
16,int.r5,-1.97356884683686,3-16
17,int.r5,-1.87583047766871,3-17
18,int.r5,-1.8291303873676,3-18
19,int.r5,-1.72655812216642,3-19
20,int.r5,-1.76777342214408,3-20
21,int.r5,-1.49318086104666,3-21
22,int.r5,-1.36420462743995,3-22
23,int.r5,-1.34685161336726,3-23
24,int.r5,-1.92358061288246,3-24
25,int.r5,-1.57005558755383,3-25
26,int.r5,-1.45474569446484,3-26
27,int.r5,-1.18452958117239,3-27
28,int.r5,-1.57623647200833,3-28
29,int.r5,-1.99565213085212,3-29
30,int.r5,-1.78640528461767,3-30
31,int.r5,-1.8844603404422,3-31
32,int.r5,-1.75461459300504,3-32
33,int.r5,-1.81326972202657,3-33
34,int.r5,-2.00870019603338,3-34
35,int.r5,-1.86516051734718,3-35
36,int.r5,-1.79432794172867,3-36
37,int.r5,-2.11034601393064,3-37
38,int.r5,-1.86838389090991,3-38
39,int.r5,-1.7153226085892,3-39
40,int.r5,-1.74054832392821,3-40
41,int.r5,-1.80954023520343,3-41
42,int.r5,-1.66221889230615,3-42
43,int.r5,-1.88083634272203,3-43
44,int.r5,-1.58827883021633,3-44
45,int.r5,-1.97665227355379,3-45
46,int.r5,-1.76531530926724,3-46
47,int.r5,-1.89519157536647,3-47
48,int.r5,-1.88695683941273,3-48
49,int.r5,-1.24488432024875,3-49
50,int.r5,-1.08956069609199,3-50
51,int.r5,-1.93056149843696,3-51
52,int.r5,-1.70360788292926,3-52
53,int.r5,-1.56094969536599,3-53
54,int.r5,-1.96245067460821,3-54
55,int.r5,-1.99329887039428,3-55
56,int.r5,-1.96004898111994,3-56
57,int.r5,-1.81489364678482,3-57
58,int.r5,-1.94521249102506,3-58
59,int.r5,-1.8103438442505,3-59
60,int.r5,-2.01105697264519,3-60
61,int.r5,-2.01521505303208,3-61
62,int.r5,-1.91853097603213,3-62
63,int.r5,-1.89955347473269,3-63
64,int.r5,-1.76002896275604,3-64
65,int.r5,-1.62747224306312,3-65
66,int.r5,-2.29242899514973,3-66
67,int.r5,-1.30032789078322,3-67
68,int.r5,-1.56079211509165,3-68
69,int.r5,-1.9846269250478,3-69
70,int.r5,-1.23960871605728,3-70
1,rain.rate.r5,0.619613945156313,3-01
2,rain.rate.r5,0.214792787949213,3-02
3,rain.rate.r5,0.339336412322816,3-03
4,rain.rate.r5,0.906763969146831,3-04
5,rain.rate.r5,1.17128636552972,3-05
6,rain.rate.r5,1.15045597876356,3-06
7,rain.rate.r5,0.212344481800966,3-07
8,rain.rate.r5,0.473958894995114,3-08
9,rain.rate.r5,0.360604185658707,3-09
10,rain.rate.r5,0.0732753074846638,3-10
11,rain.rate.r5,0.812933272619607,3-11
12,rain.rate.r5,0.443614584679351,3-12
13,rain.rate.r5,1.04857586937954,3-13
14,rain.rate.r5,0.624447629493984,3-14
15,rain.rate.r5,0.399066624656343,3-15
16,rain.rate.r5,0.892614052838639,3-16
17,rain.rate.r5,1.06353498408584,3-17
18,rain.rate.r5,0.443217206815757,3-18
19,rain.rate.r5,0.621492841823681,3-19
20,rain.rate.r5,1.15388056768348,3-20
21,rain.rate.r5,-0.141458336108864,3-21
22,rain.rate.r5,0.569263192324021,3-22
23,rain.rate.r5,-0.156453975073722,3-23
24,rain.rate.r5,0.677614480473988,3-24
25,rain.rate.r5,0.40977870093622,3-25
26,rain.rate.r5,0.320705471269432,3-26
27,rain.rate.r5,0.402524315213939,3-27
28,rain.rate.r5,0.20606151509178,3-28
29,rain.rate.r5,1.28494013214503,3-29
30,rain.rate.r5,0.356903002724324,3-30
31,rain.rate.r5,0.578396339162496,3-31
32,rain.rate.r5,0.264942131030643,3-32
33,rain.rate.r5,0.9721279266695,3-33
34,rain.rate.r5,0.729846070422059,3-34
35,rain.rate.r5,0.464599228442632,3-35
36,rain.rate.r5,-1.17265785597628,3-36
37,rain.rate.r5,1.58066732613027,3-37
38,rain.rate.r5,0.411941377884716,3-38
39,rain.rate.r5,0.586882783737226,3-39
40,rain.rate.r5,0.614341103773422,3-40
41,rain.rate.r5,0.455024124548719,3-41
42,rain.rate.r5,0.4819385266693,3-42
43,rain.rate.r5,0.501961380066972,3-43
44,rain.rate.r5,0.339951049353882,3-44
45,rain.rate.r5,0.668037094292493,3-45
46,rain.rate.r5,1.15325181901928,3-46
47,rain.rate.r5,0.6325031202832,3-47
48,rain.rate.r5,0.819872213999862,3-48
49,rain.rate.r5,-0.0769158895578809,3-49
50,rain.rate.r5,0.582413779319228,3-50
51,rain.rate.r5,0.333988385582189,3-51
52,rain.rate.r5,-0.485820414070621,3-52
53,rain.rate.r5,0.171975086945527,3-53
54,rain.rate.r5,0.496179941289987,3-54
55,rain.rate.r5,0.0232063953950813,3-55
56,rain.rate.r5,0.869145584278764,3-56
57,rain.rate.r5,0.304248469767976,3-57
58,rain.rate.r5,0.539162937201537,3-58
59,rain.rate.r5,0.224826396302534,3-59
60,rain.rate.r5,0.76786655059586,3-60
61,rain.rate.r5,0.351006980146691,3-61
62,rain.rate.r5,0.632042478740188,3-62
63,rain.rate.r5,0.502049106813437,3-63
64,rain.rate.r5,0.481386946926581,3-64
65,rain.rate.r5,-1.32779658287885,3-65
66,rain.rate.r5,0.892031957574997,3-66
67,rain.rate.r5,0.398287008461867,3-67
68,rain.rate.r5,0.354371650719042,3-68
69,rain.rate.r5,0.552454538036446,3-69
70,rain.rate.r5,-0.556004558849285,3-70
1,air.temp.r3,0.0288242078601284,3-01
2,air.temp.r3,0.00985276934786772,3-02
3,air.temp.r3,0.0264527473783536,3-03
4,air.temp.r3,0.0175476297368607,3-04
5,air.temp.r3,0.0393092156033671,3-05
6,air.temp.r3,0.0337315543532007,3-06
7,air.temp.r3,0.0212379520472803,3-07
8,air.temp.r3,0.0160556801862758,3-08
9,air.temp.r3,0.0364360982409083,3-09
10,air.temp.r3,0.0212583723286679,3-10
11,air.temp.r3,0.0307374186523002,3-11
12,air.temp.r3,0.0158920579039784,3-12
13,air.temp.r3,0.0224494400997695,3-13
14,air.temp.r3,0.0179757366864588,3-14
15,air.temp.r3,0.0219486848867572,3-15
16,air.temp.r3,0.0142464013709111,3-16
17,air.temp.r3,0.0184459738298816,3-17
18,air.temp.r3,0.00255863538203999,3-18
19,air.temp.r3,0.023516956696382,3-19
20,air.temp.r3,0.025222647933114,3-20
21,air.temp.r3,0.0372826689099878,3-21
22,air.temp.r3,0.0218153904083569,3-22
23,air.temp.r3,0.0269437251706509,3-23
24,air.temp.r3,0.0307881372025019,3-24
25,air.temp.r3,0.0106286350621475,3-25
26,air.temp.r3,0.0192289085224017,3-26
27,air.temp.r3,0.0233152254179516,3-27
28,air.temp.r3,0.0424929404950379,3-28
29,air.temp.r3,0.0138464782212765,3-29
30,air.temp.r3,0.0253362126003645,3-30
31,air.temp.r3,0.0503425024584902,3-31
32,air.temp.r3,0.0366865135502805,3-32
33,air.temp.r3,0.0224750526951692,3-33
34,air.temp.r3,0.0209599971888875,3-34
35,air.temp.r3,0.0228859379095796,3-35
36,air.temp.r3,0.0109282749365435,3-36
37,air.temp.r3,0.0528570696883184,3-37
38,air.temp.r3,0.0151666041541684,3-38
39,air.temp.r3,0.019711321691476,3-39
40,air.temp.r3,0.0158170360846105,3-40
41,air.temp.r3,0.0507870956113501,3-41
42,air.temp.r3,0.0237717529445306,3-42
43,air.temp.r3,0.0186555500921626,3-43
44,air.temp.r3,0.0252074817692435,3-44
45,air.temp.r3,0.0282732699924063,3-45
46,air.temp.r3,0.0194726395598095,3-46
47,air.temp.r3,0.0138564843303991,3-47
48,air.temp.r3,0.0291376997409388,3-48
49,air.temp.r3,0.0258577419321132,3-49
50,air.temp.r3,0.0126687975612054,3-50
51,air.temp.r3,0.0509983696119805,3-51
52,air.temp.r3,0.026004546697352,3-52
53,air.temp.r3,0.0421219374770258,3-53
54,air.temp.r3,0.0129658929001309,3-54
55,air.temp.r3,0.0297475386551595,3-55
56,air.temp.r3,0.0279527489272301,3-56
57,air.temp.r3,0.0195888467664802,3-57
58,air.temp.r3,0.0169461427204214,3-58
59,air.temp.r3,0.0238796606997791,3-59
60,air.temp.r3,0.0239263065791857,3-60
61,air.temp.r3,0.0282228130787648,3-61
62,air.temp.r3,0.0276074404957234,3-62
63,air.temp.r3,0.0197332153742891,3-63
64,air.temp.r3,0.0211014162034384,3-64
65,air.temp.r3,0.0361469404357051,3-65
66,air.temp.r3,0.032355678912179,3-66
67,air.temp.r3,0.0166361687502436,3-67
68,air.temp.r3,0.0212459127264181,3-68
69,air.temp.r3,0.0334423972001219,3-69
70,air.temp.r3,0.0322515478864896,3-70
1,man.ph.r1,0.661650583880692,3-01
2,man.ph.r1,0.484557274387116,3-02
3,man.ph.r1,0.454738543032866,3-03
4,man.ph.r1,0.633898952133369,3-04
5,man.ph.r1,0.433561205166745,3-05
6,man.ph.r1,0.757736764101184,3-06
7,man.ph.r1,0.580840192462801,3-07
8,man.ph.r1,0.616253226773827,3-08
9,man.ph.r1,0.563234016529449,3-09
10,man.ph.r1,0.570900703512932,3-10
11,man.ph.r1,0.580389735907811,3-11
12,man.ph.r1,0.866398665549659,3-12
13,man.ph.r1,0.42998876148451,3-13
14,man.ph.r1,0.473677252084036,3-14
15,man.ph.r1,1.89369998893166,3-15
16,man.ph.r1,-0.221245510286001,3-16
17,man.ph.r1,0.462246761736641,3-17
18,man.ph.r1,0.578006564491103,3-18
19,man.ph.r1,0.481562409818844,3-19
20,man.ph.r1,0.593079267570092,3-20
21,man.ph.r1,-0.162124029550465,3-21
22,man.ph.r1,0.121923158607161,3-22
23,man.ph.r1,0.118124733578804,3-23
24,man.ph.r1,0.372664121759224,3-24
25,man.ph.r1,0.815641401472,3-25
26,man.ph.r1,0.384313977020912,3-26
27,man.ph.r1,1.55359243217481,3-27
28,man.ph.r1,0.629427681629762,3-28
29,man.ph.r1,0.475439461504879,3-29
30,man.ph.r1,0.542333852384819,3-30
31,man.ph.r1,0.549841684932462,3-31
32,man.ph.r1,0.69432914156439,3-32
33,man.ph.r1,0.507086478689987,3-33
34,man.ph.r1,0.664093517041018,3-34
35,man.ph.r1,0.470027136049455,3-35
36,man.ph.r1,0.536006387197258,3-36
37,man.ph.r1,0.699759399729184,3-37
38,man.ph.r1,0.533080327312726,3-38
39,man.ph.r1,0.548614966977414,3-39
40,man.ph.r1,0.4733860846755,3-40
41,man.ph.r1,0.653469555604642,3-41
42,man.ph.r1,0.702388583101923,3-42
43,man.ph.r1,0.626544087355232,3-43
44,man.ph.r1,0.514298930984452,3-44
45,man.ph.r1,0.540516675713417,3-45
46,man.ph.r1,0.415616375466176,3-46
47,man.ph.r1,0.407480157591187,3-47
48,man.ph.r1,0.513944339797565,3-48
49,man.ph.r1,0.241544367016994,3-49
50,man.ph.r1,0.956018176833629,3-50
51,man.ph.r1,0.542966377514007,3-51
52,man.ph.r1,0.48020181889324,3-52
53,man.ph.r1,0.558685885247692,3-53
54,man.ph.r1,0.553070051612164,3-54
55,man.ph.r1,0.541253279538357,3-55
56,man.ph.r1,0.372193094463194,3-56
57,man.ph.r1,0.35839319761305,3-57
58,man.ph.r1,0.560171062003226,3-58
59,man.ph.r1,0.539203699666775,3-59
60,man.ph.r1,0.573512867998227,3-60
61,man.ph.r1,0.391936950329288,3-61
62,man.ph.r1,0.616875112482051,3-62
63,man.ph.r1,0.579606641075307,3-63
64,man.ph.r1,0.454520294989543,3-64
65,man.ph.r1,0.686374182208297,3-65
66,man.ph.r1,0.512569298128182,3-66
67,man.ph.r1,1.14025371077191,3-67
68,man.ph.r1,0.558330731929813,3-68
69,man.ph.r1,0.6729215689118,3-69
70,man.ph.r1,0.60570397928009,3-70
1,man.ph.r3,0.156699014316295,3-01
2,man.ph.r3,0.140397883701351,3-02
3,man.ph.r3,0.192482104667526,3-03
4,man.ph.r3,0.208210554643269,3-04
5,man.ph.r3,0.28663189017555,3-05
6,man.ph.r3,0.0797720632941242,3-06
7,man.ph.r3,0.154985421800893,3-07
8,man.ph.r3,0.127491980220132,3-08
9,man.ph.r3,0.286468155392512,3-09
10,man.ph.r3,0.247029295743931,3-10
11,man.ph.r3,0.20331500654351,3-11
12,man.ph.r3,-0.012608681445043,3-12
13,man.ph.r3,0.423839000044679,3-13
14,man.ph.r3,0.281999915734045,3-14
15,man.ph.r3,-0.142651330654259,3-15
16,man.ph.r3,0.559190241968108,3-16
17,man.ph.r3,0.103212428597062,3-17
18,man.ph.r3,0.148042445170549,3-18
19,man.ph.r3,0.217077720853818,3-19
20,man.ph.r3,0.12355036823973,3-20
21,man.ph.r3,0.154397358790724,3-21
22,man.ph.r3,0.326711045906287,3-22
23,man.ph.r3,0.557885536657081,3-23
24,man.ph.r3,0.242930274670926,3-24
25,man.ph.r3,0.106239462883504,3-25
26,man.ph.r3,0.245926978795262,3-26
27,man.ph.r3,0.115061539983152,3-27
28,man.ph.r3,0.117512661885666,3-28
29,man.ph.r3,0.206447980217709,3-29
30,man.ph.r3,0.133970816914512,3-30
31,man.ph.r3,0.191343110631924,3-31
32,man.ph.r3,0.128091963008464,3-32
33,man.ph.r3,0.300124503404255,3-33
34,man.ph.r3,0.203093161633803,3-34
35,man.ph.r3,0.257036801301604,3-35
36,man.ph.r3,0.286730032441452,3-36
37,man.ph.r3,0.252326551014431,3-37
38,man.ph.r3,0.21690129781747,3-38
39,man.ph.r3,0.182602159256682,3-39
40,man.ph.r3,0.249804831367912,3-40
41,man.ph.r3,0.328422528493342,3-41
42,man.ph.r3,0.160714383621631,3-42
43,man.ph.r3,0.149461270453824,3-43
44,man.ph.r3,0.251623203498926,3-44
45,man.ph.r3,0.214183851539544,3-45
46,man.ph.r3,0.425508838863817,3-46
47,man.ph.r3,0.216074966452726,3-47
48,man.ph.r3,0.323658667369542,3-48
49,man.ph.r3,0.419173728451151,3-49
50,man.ph.r3,-0.046337292040852,3-50
51,man.ph.r3,0.117102568678555,3-51
52,man.ph.r3,0.367831351980092,3-52
53,man.ph.r3,0.256294787197174,3-53
54,man.ph.r3,0.153692670977015,3-54
55,man.ph.r3,0.216915263694741,3-55
56,man.ph.r3,0.285038142432307,3-56
57,man.ph.r3,0.521307871476672,3-57
58,man.ph.r3,0.154569325172712,3-58
59,man.ph.r3,0.336225790565999,3-59
60,man.ph.r3,0.190377517495985,3-60
61,man.ph.r3,0.426993064718384,3-61
62,man.ph.r3,0.228755229019832,3-62
63,man.ph.r3,0.127117196775831,3-63
64,man.ph.r3,0.288478114944487,3-64
65,man.ph.r3,0.233847687679281,3-65
66,man.ph.r3,0.250669289896788,3-66
67,man.ph.r3,0.0948277282093534,3-67
68,man.ph.r3,0.196966211616315,3-68
69,man.ph.r3,0.177439149187439,3-69
70,man.ph.r3,0.295129831718873,3-70
1,incorp.shallow.f4,-2.41669683466884,3-01
2,incorp.shallow.f4,-2.41669683466884,3-02
3,incorp.shallow.f4,-2.41669683466884,3-03
4,incorp.shallow.f4,-2.41669683466884,3-04
5,incorp.shallow.f4,-2.41669683466884,3-05
6,incorp.shallow.f4,-2.41669683466884,3-06
7,incorp.shallow.f4,-2.41669683466884,3-07
8,incorp.shallow.f4,-2.41669683466884,3-08
9,incorp.shallow.f4,-2.41669683466884,3-09
10,incorp.shallow.f4,-2.41669683466884,3-10
11,incorp.shallow.f4,-2.41669683466884,3-11
12,incorp.shallow.f4,-2.41669683466884,3-12
13,incorp.shallow.f4,-2.41669683466884,3-13
14,incorp.shallow.f4,-2.41669683466884,3-14
15,incorp.shallow.f4,-2.41669683466884,3-15
16,incorp.shallow.f4,-2.41669683466884,3-16
17,incorp.shallow.f4,-2.41669683466884,3-17
18,incorp.shallow.f4,-2.41669683466884,3-18
19,incorp.shallow.f4,-2.41669683466884,3-19
20,incorp.shallow.f4,-2.41669683466884,3-20
21,incorp.shallow.f4,-2.41669683466884,3-21
22,incorp.shallow.f4,-2.41669683466884,3-22
23,incorp.shallow.f4,-2.41669683466884,3-23
24,incorp.shallow.f4,-2.41669683466884,3-24
25,incorp.shallow.f4,-2.41669683466884,3-25
26,incorp.shallow.f4,-2.41669683466884,3-26
27,incorp.shallow.f4,-2.41669683466884,3-27
28,incorp.shallow.f4,-2.41669683466884,3-28
29,incorp.shallow.f4,-2.41669683466884,3-29
30,incorp.shallow.f4,-2.41669683466884,3-30
31,incorp.shallow.f4,-2.41669683466884,3-31
32,incorp.shallow.f4,-2.41669683466884,3-32
33,incorp.shallow.f4,-2.41669683466884,3-33
34,incorp.shallow.f4,-2.41669683466884,3-34
35,incorp.shallow.f4,-2.41669683466884,3-35
36,incorp.shallow.f4,-2.41669683466884,3-36
37,incorp.shallow.f4,-2.41669683466884,3-37
38,incorp.shallow.f4,-2.41669683466884,3-38
39,incorp.shallow.f4,-2.41669683466884,3-39
40,incorp.shallow.f4,-2.41669683466884,3-40
41,incorp.shallow.f4,-2.41669683466884,3-41
42,incorp.shallow.f4,-2.41669683466884,3-42
43,incorp.shallow.f4,-2.41669683466884,3-43
44,incorp.shallow.f4,-2.41669683466884,3-44
45,incorp.shallow.f4,-2.41669683466884,3-45
46,incorp.shallow.f4,-2.41669683466884,3-46
47,incorp.shallow.f4,-2.41669683466884,3-47
48,incorp.shallow.f4,-2.41669683466884,3-48
49,incorp.shallow.f4,-2.41669683466884,3-49
50,incorp.shallow.f4,-2.41669683466884,3-50
51,incorp.shallow.f4,-2.41669683466884,3-51
52,incorp.shallow.f4,-2.41669683466884,3-52
53,incorp.shallow.f4,-2.41669683466884,3-53
54,incorp.shallow.f4,-2.41669683466884,3-54
55,incorp.shallow.f4,-2.41669683466884,3-55
56,incorp.shallow.f4,-2.41669683466884,3-56
57,incorp.shallow.f4,-2.41669683466884,3-57
58,incorp.shallow.f4,-2.41669683466884,3-58
59,incorp.shallow.f4,-2.41669683466884,3-59
60,incorp.shallow.f4,-2.41669683466884,3-60
61,incorp.shallow.f4,-2.41669683466884,3-61
62,incorp.shallow.f4,-2.41669683466884,3-62
63,incorp.shallow.f4,-2.41669683466884,3-63
64,incorp.shallow.f4,-2.41669683466884,3-64
65,incorp.shallow.f4,-2.41669683466884,3-65
66,incorp.shallow.f4,-2.41669683466884,3-66
67,incorp.shallow.f4,-2.41669683466884,3-67
68,incorp.shallow.f4,-2.41669683466884,3-68
69,incorp.shallow.f4,-2.41669683466884,3-69
70,incorp.shallow.f4,-2.41669683466884,3-70
1,incorp.shallow.r3,-0.868808065742513,3-01
2,incorp.shallow.r3,-0.868808065742513,3-02
3,incorp.shallow.r3,-0.868808065742513,3-03
4,incorp.shallow.r3,-0.868808065742513,3-04
5,incorp.shallow.r3,-0.868808065742513,3-05
6,incorp.shallow.r3,-0.868808065742513,3-06
7,incorp.shallow.r3,-0.868808065742513,3-07
8,incorp.shallow.r3,-0.868808065742513,3-08
9,incorp.shallow.r3,-0.868808065742513,3-09
10,incorp.shallow.r3,-0.868808065742513,3-10
11,incorp.shallow.r3,-0.868808065742513,3-11
12,incorp.shallow.r3,-0.868808065742513,3-12
13,incorp.shallow.r3,-0.868808065742513,3-13
14,incorp.shallow.r3,-0.868808065742513,3-14
15,incorp.shallow.r3,-0.868808065742513,3-15
16,incorp.shallow.r3,-0.868808065742513,3-16
17,incorp.shallow.r3,-0.868808065742513,3-17
18,incorp.shallow.r3,-0.868808065742513,3-18
19,incorp.shallow.r3,-0.868808065742513,3-19
20,incorp.shallow.r3,-0.868808065742513,3-20
21,incorp.shallow.r3,-0.868808065742513,3-21
22,incorp.shallow.r3,-0.868808065742513,3-22
23,incorp.shallow.r3,-0.868808065742513,3-23
24,incorp.shallow.r3,-0.868808065742513,3-24
25,incorp.shallow.r3,-0.868808065742513,3-25
26,incorp.shallow.r3,-0.868808065742513,3-26
27,incorp.shallow.r3,-0.868808065742513,3-27
28,incorp.shallow.r3,-0.868808065742513,3-28
29,incorp.shallow.r3,-0.868808065742513,3-29
30,incorp.shallow.r3,-0.868808065742513,3-30
31,incorp.shallow.r3,-0.868808065742513,3-31
32,incorp.shallow.r3,-0.868808065742513,3-32
33,incorp.shallow.r3,-0.868808065742513,3-33
34,incorp.shallow.r3,-0.868808065742513,3-34
35,incorp.shallow.r3,-0.868808065742513,3-35
36,incorp.shallow.r3,-0.868808065742513,3-36
37,incorp.shallow.r3,-0.868808065742513,3-37
38,incorp.shallow.r3,-0.868808065742513,3-38
39,incorp.shallow.r3,-0.868808065742513,3-39
40,incorp.shallow.r3,-0.868808065742513,3-40
41,incorp.shallow.r3,-0.868808065742513,3-41
42,incorp.shallow.r3,-0.868808065742513,3-42
43,incorp.shallow.r3,-0.868808065742513,3-43
44,incorp.shallow.r3,-0.868808065742513,3-44
45,incorp.shallow.r3,-0.868808065742513,3-45
46,incorp.shallow.r3,-0.868808065742513,3-46
47,incorp.shallow.r3,-0.868808065742513,3-47
48,incorp.shallow.r3,-0.868808065742513,3-48
49,incorp.shallow.r3,-0.868808065742513,3-49
50,incorp.shallow.r3,-0.868808065742513,3-50
51,incorp.shallow.r3,-0.868808065742513,3-51
52,incorp.shallow.r3,-0.868808065742513,3-52
53,incorp.shallow.r3,-0.868808065742513,3-53
54,incorp.shallow.r3,-0.868808065742513,3-54
55,incorp.shallow.r3,-0.868808065742513,3-55
56,incorp.shallow.r3,-0.868808065742513,3-56
57,incorp.shallow.r3,-0.868808065742513,3-57
58,incorp.shallow.r3,-0.868808065742513,3-58
59,incorp.shallow.r3,-0.868808065742513,3-59
60,incorp.shallow.r3,-0.868808065742513,3-60
61,incorp.shallow.r3,-0.868808065742513,3-61
62,incorp.shallow.r3,-0.868808065742513,3-62
63,incorp.shallow.r3,-0.868808065742513,3-63
64,incorp.shallow.r3,-0.868808065742513,3-64
65,incorp.shallow.r3,-0.868808065742513,3-65
66,incorp.shallow.r3,-0.868808065742513,3-66
67,incorp.shallow.r3,-0.868808065742513,3-67
68,incorp.shallow.r3,-0.868808065742513,3-68
69,incorp.shallow.r3,-0.868808065742513,3-69
70,incorp.shallow.r3,-0.868808065742513,3-70
1,incorp.deep.f4,-3.9300777945398,3-01
2,incorp.deep.f4,-3.9300777945398,3-02
3,incorp.deep.f4,-3.9300777945398,3-03
4,incorp.deep.f4,-3.9300777945398,3-04
5,incorp.deep.f4,-3.9300777945398,3-05
6,incorp.deep.f4,-3.9300777945398,3-06
7,incorp.deep.f4,-3.9300777945398,3-07
8,incorp.deep.f4,-3.9300777945398,3-08
9,incorp.deep.f4,-3.9300777945398,3-09
10,incorp.deep.f4,-3.9300777945398,3-10
11,incorp.deep.f4,-3.9300777945398,3-11
12,incorp.deep.f4,-3.9300777945398,3-12
13,incorp.deep.f4,-3.9300777945398,3-13
14,incorp.deep.f4,-3.9300777945398,3-14
15,incorp.deep.f4,-3.9300777945398,3-15
16,incorp.deep.f4,-3.9300777945398,3-16
17,incorp.deep.f4,-3.9300777945398,3-17
18,incorp.deep.f4,-3.9300777945398,3-18
19,incorp.deep.f4,-3.9300777945398,3-19
20,incorp.deep.f4,-3.9300777945398,3-20
21,incorp.deep.f4,-3.9300777945398,3-21
22,incorp.deep.f4,-3.9300777945398,3-22
23,incorp.deep.f4,-3.9300777945398,3-23
24,incorp.deep.f4,-3.9300777945398,3-24
25,incorp.deep.f4,-3.9300777945398,3-25
26,incorp.deep.f4,-3.9300777945398,3-26
27,incorp.deep.f4,-3.9300777945398,3-27
28,incorp.deep.f4,-3.9300777945398,3-28
29,incorp.deep.f4,-3.9300777945398,3-29
30,incorp.deep.f4,-3.9300777945398,3-30
31,incorp.deep.f4,-3.9300777945398,3-31
32,incorp.deep.f4,-3.9300777945398,3-32
33,incorp.deep.f4,-3.9300777945398,3-33
34,incorp.deep.f4,-3.9300777945398,3-34
35,incorp.deep.f4,-3.9300777945398,3-35
36,incorp.deep.f4,-3.9300777945398,3-36
37,incorp.deep.f4,-3.9300777945398,3-37
38,incorp.deep.f4,-3.9300777945398,3-38
39,incorp.deep.f4,-3.9300777945398,3-39
40,incorp.deep.f4,-3.9300777945398,3-40
41,incorp.deep.f4,-3.9300777945398,3-41
42,incorp.deep.f4,-3.9300777945398,3-42
43,incorp.deep.f4,-3.9300777945398,3-43
44,incorp.deep.f4,-3.9300777945398,3-44
45,incorp.deep.f4,-3.9300777945398,3-45
46,incorp.deep.f4,-3.9300777945398,3-46
47,incorp.deep.f4,-3.9300777945398,3-47
48,incorp.deep.f4,-3.9300777945398,3-48
49,incorp.deep.f4,-3.9300777945398,3-49
50,incorp.deep.f4,-3.9300777945398,3-50
51,incorp.deep.f4,-3.9300777945398,3-51
52,incorp.deep.f4,-3.9300777945398,3-52
53,incorp.deep.f4,-3.9300777945398,3-53
54,incorp.deep.f4,-3.9300777945398,3-54
55,incorp.deep.f4,-3.9300777945398,3-55
56,incorp.deep.f4,-3.9300777945398,3-56
57,incorp.deep.f4,-3.9300777945398,3-57
58,incorp.deep.f4,-3.9300777945398,3-58
59,incorp.deep.f4,-3.9300777945398,3-59
60,incorp.deep.f4,-3.9300777945398,3-60
61,incorp.deep.f4,-3.9300777945398,3-61
62,incorp.deep.f4,-3.9300777945398,3-62
63,incorp.deep.f4,-3.9300777945398,3-63
64,incorp.deep.f4,-3.9300777945398,3-64
65,incorp.deep.f4,-3.9300777945398,3-65
66,incorp.deep.f4,-3.9300777945398,3-66
67,incorp.deep.f4,-3.9300777945398,3-67
68,incorp.deep.f4,-3.9300777945398,3-68
69,incorp.deep.f4,-3.9300777945398,3-69
70,incorp.deep.f4,-3.9300777945398,3-70
1,incorp.deep.r3,-1.21468851280568,3-01
2,incorp.deep.r3,-1.21468851280568,3-02
3,incorp.deep.r3,-1.21468851280568,3-03
4,incorp.deep.r3,-1.21468851280568,3-04
5,incorp.deep.r3,-1.21468851280568,3-05
6,incorp.deep.r3,-1.21468851280568,3-06
7,incorp.deep.r3,-1.21468851280568,3-07
8,incorp.deep.r3,-1.21468851280568,3-08
9,incorp.deep.r3,-1.21468851280568,3-09
10,incorp.deep.r3,-1.21468851280568,3-10
11,incorp.deep.r3,-1.21468851280568,3-11
12,incorp.deep.r3,-1.21468851280568,3-12
13,incorp.deep.r3,-1.21468851280568,3-13
14,incorp.deep.r3,-1.21468851280568,3-14
15,incorp.deep.r3,-1.21468851280568,3-15
16,incorp.deep.r3,-1.21468851280568,3-16
17,incorp.deep.r3,-1.21468851280568,3-17
18,incorp.deep.r3,-1.21468851280568,3-18
19,incorp.deep.r3,-1.21468851280568,3-19
20,incorp.deep.r3,-1.21468851280568,3-20
21,incorp.deep.r3,-1.21468851280568,3-21
22,incorp.deep.r3,-1.21468851280568,3-22
23,incorp.deep.r3,-1.21468851280568,3-23
24,incorp.deep.r3,-1.21468851280568,3-24
25,incorp.deep.r3,-1.21468851280568,3-25
26,incorp.deep.r3,-1.21468851280568,3-26
27,incorp.deep.r3,-1.21468851280568,3-27
28,incorp.deep.r3,-1.21468851280568,3-28
29,incorp.deep.r3,-1.21468851280568,3-29
30,incorp.deep.r3,-1.21468851280568,3-30
31,incorp.deep.r3,-1.21468851280568,3-31
32,incorp.deep.r3,-1.21468851280568,3-32
33,incorp.deep.r3,-1.21468851280568,3-33
34,incorp.deep.r3,-1.21468851280568,3-34
35,incorp.deep.r3,-1.21468851280568,3-35
36,incorp.deep.r3,-1.21468851280568,3-36
37,incorp.deep.r3,-1.21468851280568,3-37
38,incorp.deep.r3,-1.21468851280568,3-38
39,incorp.deep.r3,-1.21468851280568,3-39
40,incorp.deep.r3,-1.21468851280568,3-40
41,incorp.deep.r3,-1.21468851280568,3-41
42,incorp.deep.r3,-1.21468851280568,3-42
43,incorp.deep.r3,-1.21468851280568,3-43
44,incorp.deep.r3,-1.21468851280568,3-44
45,incorp.deep.r3,-1.21468851280568,3-45
46,incorp.deep.r3,-1.21468851280568,3-46
47,incorp.deep.r3,-1.21468851280568,3-47
48,incorp.deep.r3,-1.21468851280568,3-48
49,incorp.deep.r3,-1.21468851280568,3-49
50,incorp.deep.r3,-1.21468851280568,3-50
51,incorp.deep.r3,-1.21468851280568,3-51
52,incorp.deep.r3,-1.21468851280568,3-52
53,incorp.deep.r3,-1.21468851280568,3-53
54,incorp.deep.r3,-1.21468851280568,3-54
55,incorp.deep.r3,-1.21468851280568,3-55
56,incorp.deep.r3,-1.21468851280568,3-56
57,incorp.deep.r3,-1.21468851280568,3-57
58,incorp.deep.r3,-1.21468851280568,3-58
59,incorp.deep.r3,-1.21468851280568,3-59
60,incorp.deep.r3,-1.21468851280568,3-60
61,incorp.deep.r3,-1.21468851280568,3-61
62,incorp.deep.r3,-1.21468851280568,3-62
63,incorp.deep.r3,-1.21468851280568,3-63
64,incorp.deep.r3,-1.21468851280568,3-64
65,incorp.deep.r3,-1.21468851280568,3-65
66,incorp.deep.r3,-1.21468851280568,3-66
67,incorp.deep.r3,-1.21468851280568,3-67
68,incorp.deep.r3,-1.21468851280568,3-68
69,incorp.deep.r3,-1.21468851280568,3-69
70,incorp.deep.r3,-1.21468851280568,3-70
